GeneID,baseMean,log2FoldChange,StdErr,Wald-Stats,P-value,pAdj,GeneIDshort,refseq_mrna,ensembl_gene_id,chromosome_name,start_position,end_position,geneName,shortchr
NM_000015.2,4.95664012,-4.896939656,1.851933522,-2.644230799,0.008187681,0.017646285,NM_000015,NM_000015,ENSG00000156006,8,18391282,18401218,NAT2,TRUE
NM_000017.3,16.78622617,-0.691682283,0.928332588,-0.745080257,0.456223204,0.539608403,NM_000017,NM_000017,ENSG00000122971,12,120725774,120740008,ACADS,TRUE
NM_000019.3,1789.940471,2.656397529,0.52197719,5.089106538,3.60E-07,2.06E-06,NM_000019,NM_000019,ENSG00000075239,11,108116695,108147603,ACAT1,TRUE
NM_000022.3,3.070156073,-1.783406883,1.846448452,-0.965857932,0.334115275,0.41763606,NM_000022,NM_000022,ENSG00000196839,20,44619522,44652233,ADA,TRUE
NM_000023.3,2.877679914,0.078682471,1.834176071,0.042897992,0.965782849,0.977136155,NM_000023,NM_000023,ENSG00000108823,17,50164214,50175928,SGCA,TRUE
NM_000024.5,21.65620822,-4.764205409,1.199810215,-3.970799174,7.16E-05,0.000257234,NM_000024,NM_000024,ENSG00000169252,5,148825245,148828687,ADRB2,TRUE
NM_000025.2,1.65792015,-3.17401782,2.326620123,-1.36421833,0.172498861,0.239073818,NM_000025,NM_000025,ENSG00000188778,8,37962990,37966599,ADRB3,TRUE
NM_000029.3,3.350080961,-4.283293063,2.005293076,-2.135993543,0.03267994,0.058848344,NM_000029,NM_000029,ENSG00000135744,1,230702523,230714122,AGT,TRUE
NM_000033.3,92.97662639,-2.632232822,0.694980167,-3.787493438,0.000152175,0.000508005,NM_000033,NM_000033,ENSG00000101986,X,153724856,153744755,ABCD1,TRUE
NM_000035.3,2.840793658,3.128927455,1.997335555,1.566550722,0.117219744,0.173585664,NM_000035,NM_000035,ENSG00000136872,9,101420560,101449664,ALDOB,TRUE
NM_000044.3,49.40698109,-6.350110605,1.143027599,-5.55551818,2.77E-08,2.00E-07,NM_000044,NM_000044,ENSG00000169083,X,67544021,67730619,AR,TRUE
NM_000046.3,82.99918257,-0.733809428,0.624326244,-1.175362138,0.239849865,0.316295164,NM_000046,NM_000046,ENSG00000113273,5,78777209,78986087,ARSB,TRUE
NM_000051.3,3492.580909,3.765131699,0.549121864,6.856641384,7.05E-12,9.28E-11,NM_000051,NM_000051,ENSG00000149311,11,108222484,108369102,ATM,TRUE
NM_000052.6,39.76726694,2.282617356,0.74925835,3.046502391,0.002315206,0.00578401,NM_000052,NM_000052,ENSG00000165240,X,77910656,78050395,ATP7A,TRUE
NM_000055.3,4524.668108,9.318980438,0.628381044,14.83014252,9.35E-50,7.15E-47,NM_000055,NM_000055,ENSG00000114200,3,165772904,165837462,BCHE,TRUE
NM_000059.3,592.7776812,2.918544547,0.586210473,4.978663261,6.40E-07,3.48E-06,NM_000059,NM_000059,ENSG00000139618,13,32315086,32400266,BRCA2,TRUE
NM_000064.3,192.8475519,-3.700910125,0.551282951,-6.713267876,1.90E-11,2.36E-10,NM_000064,NM_000064,ENSG00000125730,19,6677704,6730562,C3,TRUE
NM_000067.2,15.16732977,-4.455598707,1.263672285,-3.525913135,0.000422025,0.001262869,NM_000067,NM_000067,ENSG00000104267,8,85463968,85481493,CA2,TRUE
NM_000069.2,6.339152093,-2.583031293,1.440057387,-1.793700249,0.072861026,0.116401835,NM_000069,NM_000069,ENSG00000081248,1,201039512,201112451,CACNA1S,TRUE
NM_000075.3,4368.470149,-0.907689383,0.470180632,-1.930512066,0.053543422,0.089648326,NM_000075,NM_000075,ENSG00000135446,12,57747727,57756013,CDK4,TRUE
NM_000076.2,4.860682249,-4.84770285,1.880938932,-2.577278171,0.009958178,0.020945843,NM_000076,NM_000076,ENSG00000129757,11,2883213,2885773,CDKN1C,TRUE
NM_000077.4,1.638494372,1.378384626,2.314768602,0.595474046,0.551526643,0.628189329,NM_000077,NM_000077,ENSG00000147889,9,21967753,21995301,CDKN2A,TRUE
NM_000080.3,19.06034427,-3.974449009,1.095096628,-3.629313528,0.000284176,0.000889701,NM_000080,NM_000080,ENSG00000108556,17,4897771,4934438,CHRNE,TRUE
NM_000083.2,14.85306217,-5.165640957,1.424271111,-3.626866344,0.000286882,0.000897308,NM_000083,NM_000083,ENSG00000188037,7,143316111,143352083,CLCN1,TRUE
NM_000088.3,647.2129007,-3.831969555,0.60894639,-6.292786387,3.12E-10,3.23E-09,NM_000088,NM_000088,ENSG00000108821,17,50183289,50201632,COL1A1,TRUE
NM_000089.3,1604.992703,-12.95931484,1.405913841,-9.217716241,3.03E-20,1.40E-18,NM_000089,NM_000089,ENSG00000164692,7,94394895,94431227,COL1A2,TRUE
NM_000090.3,4.274998907,-4.660966816,1.916649821,-2.431830147,0.01502275,0.030054751,NM_000090,NM_000090,ENSG00000168542,2,188974373,189012746,COL3A1,TRUE
NM_000091.4,13.67609197,0.000366368,0.962511685,0.000380637,0.999696296,0.999696296,NM_000091,NM_000091,ENSG00000169031,2,227164624,227314792,COL4A3,TRUE
NM_000092.4,18.93216077,-1.513909458,0.90202439,-1.678346478,0.09327948,0.142972062,NM_000092,NM_000092,ENSG00000081052,2,227002714,227164453,COL4A4,TRUE
NM_000093.4,2.055279857,-3.515787631,2.222101207,-1.582190595,0.113606067,0.169178921,NM_000093,NM_000093,ENSG00000130635,9,134641803,134844843,COL5A1,TRUE
NM_000094.3,195.4017148,-3.464047617,0.578498228,-5.988000393,2.12E-09,1.92E-08,NM_000094,NM_000094,ENSG00000114270,3,48564073,48595267,COL7A1,TRUE
NM_000095.2,5.328370355,-3.158455029,1.62463582,-1.944100327,0.051883354,0.08727363,NM_000095,NM_000095,ENSG00000105664,19,18782773,18791305,COMP,TRUE
NM_000096.3,5.986229172,-1.853392452,1.455893772,-1.273027255,0.203008371,0.27445093,NM_000096,NM_000096,ENSG00000047457,3,149162410,149221829,CP,TRUE
NM_000097.5,815.341833,1.555510867,0.469132468,3.31571778,0.000914081,0.002524845,NM_000097,NM_000097,ENSG00000080819,3,98579446,98593648,CPOX,TRUE
NM_000098.2,4.781284292,-1.760413852,1.568943555,-1.122037722,0.261846402,0.340659821,NM_000098,NM_000098,ENSG00000157184,1,53196792,53214197,CPT2,TRUE
NM_000100.3,1608.347067,-0.919476029,0.460492156,-1.996724628,0.045855105,0.078713537,NM_000100,NM_000100,ENSG00000160213,21,43772511,43776445,CSTB,TRUE
NM_000101.3,1936.667344,-2.557208877,0.635432013,-4.024362674,5.71E-05,0.000209261,NM_000101,NM_000101,ENSG00000051523,16,88643289,88651054,CYBA,TRUE
NM_000104.3,30.58454028,-3.98253492,0.922403267,-4.31756376,1.58E-05,6.48E-05,NM_000104,NM_000104,ENSG00000138061,2,38066973,38109902,CYP1B1,TRUE
NM_000107.2,1412.525671,0.065894765,0.467174697,0.141049517,0.887830824,0.916752693,NM_000107,NM_000107,ENSG00000134574,11,47214465,47239240,DDB2,TRUE
NM_000110.3,484.7159166,6.938356067,0.638519091,10.86632516,1.67E-27,1.73E-25,NM_000110,NM_000110,ENSG00000188641,1,97077743,97995000,DPYD,TRUE
NM_000111.2,1.626975449,3.43326962,2.391454797,1.435640609,0.151104633,0.214033331,NM_000111,NM_000111,ENSG00000091138,7,107765467,107803225,SLC26A3,TRUE
NM_000112.3,169.9828461,0.544690372,0.545261444,0.998952663,0.317817623,0.400344851,NM_000112,NM_000112,ENSG00000155850,5,149960758,149993455,SLC26A2,TRUE
NM_000113.2,1081.99464,-0.35324085,0.473599222,-0.745864505,0.455749269,0.539427823,NM_000113,NM_000113,ENSG00000136827,9,129812942,129824244,TOR1A,TRUE
NM_000117.2,970.5113247,-2.60851755,0.580118683,-4.496523946,6.91E-06,3.06E-05,NM_000117,NM_000117,ENSG00000102119,X,154379273,154381523,EMD,TRUE
NM_000121.3,481.7890557,-4.290035967,0.523733077,-8.191264128,2.58E-16,6.72E-15,NM_000121,NM_000121,ENSG00000187266,19,11377207,11384342,EPOR,TRUE
NM_000122.1,115.3284414,-1.061015926,0.593822323,-1.786756552,0.073976844,0.117768497,NM_000122,NM_000122,ENSG00000163161,2,127257290,127294166,ERCC3,TRUE
NM_000123.3,17.95252359,0.509605655,0.895282904,0.569211869,0.569212367,0.644267891,NM_000123,NM_000123,ENSG00000134899,13,102807146,102876001,ERCC5,TRUE
NM_000126.3,247.2357833,3.100098666,0.536959996,5.773425753,7.77E-09,6.26E-08,NM_000126,NM_000126,ENSG00000140374,15,76215353,76311472,ETFA,TRUE
NM_000127.2,339.8082322,-1.191745851,0.489527684,-2.434481011,0.014913162,0.029873718,NM_000127,NM_000127,ENSG00000182197,8,117794490,118111853,EXT1,TRUE
NM_000128.3,6.614560271,-5.336019489,1.762205846,-3.028034154,0.002461503,0.006102573,NM_000128,NM_000128,ENSG00000088926,4,186266189,186289681,F11,TRUE
NM_000129.3,23.04301452,-0.424900323,0.80291956,-0.529194136,0.596670784,0.669169271,NM_000129,NM_000129,ENSG00000124491,6,6144084,6321013,F13A1,TRUE
NM_000130.4,84.89948966,5.385109795,0.739025782,7.28676851,3.17E-13,5.20E-12,NM_000130,NM_000130,ENSG00000198734,1,169511951,169586588,F5,TRUE
NM_000132.3,56.9807928,1.852413212,0.700177161,2.645635013,0.008153774,0.017581956,NM_000132,NM_000132,ENSG00000185010,X,154835788,155026940,F8,TRUE
NM_000135.2,32.28334275,-1.136483047,0.783833335,-1.449903948,0.147085306,0.20966553,NM_000135,NM_000135,ENSG00000187741,16,89737549,89816657,FANCA,TRUE
NM_000137.2,522.853387,0.158016915,0.489719519,0.322668198,0.746946539,0.800537459,NM_000137,NM_000137,ENSG00000103876,15,80152490,80186946,FAH,TRUE
NM_000138.4,438.8644082,1.12356869,0.479605655,2.342692747,0.019145142,0.03698681,NM_000138,NM_000138,ENSG00000166147,15,48408306,48645849,FBN1,TRUE
NM_000142.4,33.72947556,-6.535960786,1.335565744,-4.893776901,9.89E-07,5.19E-06,NM_000142,NM_000142,ENSG00000068078,4,1793293,1808872,FGFR3,TRUE
NM_000143.3,1481.086471,1.037107469,0.510981991,2.029636047,0.042393548,0.073596921,NM_000143,NM_000143,ENSG00000091483,1,241497603,241519761,FH,TRUE
NM_000144.4,38.21887323,-0.222808149,0.739075305,-0.301468805,0.763057034,0.814111257,NM_000144,NM_000144,ENSG00000165060,9,69035563,69100178,FXN,TRUE
NM_000146.3,15995.60806,-3.416208392,0.531701513,-6.42504922,1.32E-10,1.45E-09,NM_000146,NM_000146,ENSG00000087086,19,48965309,48966879,FTL,TRUE
NM_000147.4,701.9444124,3.011063608,0.509832481,5.905986227,3.51E-09,3.05E-08,NM_000147,NM_000147,ENSG00000179163,1,23845077,23868294,FUCA1,TRUE
NM_000154.1,503.3850882,-3.116582404,0.587377389,-5.305928461,1.12E-07,7.09E-07,NM_000154,NM_000154,ENSG00000108479,17,75751594,75765236,GALK1,TRUE
NM_000155.3,267.4836178,-2.610591162,0.538783284,-4.845345504,1.26E-06,6.48E-06,NM_000155,NM_000155,ENSG00000213930,9,34638133,34651035,GALT,TRUE
NM_000156.5,135.2866943,-4.066679669,0.637528025,-6.378824943,1.78E-10,1.92E-09,NM_000156,NM_000156,ENSG00000130005,19,1397026,1401570,GAMT,TRUE
NM_000158.3,1420.540797,4.375175064,0.525171902,8.330938972,8.02E-17,2.27E-15,NM_000158,NM_000158,ENSG00000114480,3,81489703,81761645,GBE1,TRUE
NM_000159.3,43.68143834,-0.170839832,0.701714462,-0.243460612,0.807648595,0.851066337,NM_000159,NM_000159,ENSG00000105607,19,12891160,12914207,GCDH,TRUE
NM_000160.4,10.30028373,-5.98269465,1.66978518,-3.582912773,0.000339784,0.001043193,NM_000160,NM_000160,ENSG00000215644,17,81804132,81814008,GCGR,TRUE
NM_000164.3,3.271411376,4.692099287,2.035832624,2.3047569,0.021180192,0.040401846,NM_000164,NM_000164,ENSG00000010310,19,45668221,45683722,GIPR,TRUE
NM_000165.4,5975.497508,-14.74171597,1.379923177,-10.68299758,1.22E-26,1.14E-24,NM_000165,NM_000165,ENSG00000152661,6,121435595,121449727,GJA1,TRUE
NM_000168.5,413.2281529,-11.11918135,1.437712941,-7.733937025,1.04E-14,2.16E-13,NM_000168,NM_000168,ENSG00000106571,7,41960949,42237870,GLI3,TRUE
NM_000169.2,454.3508451,-0.185434439,0.501865204,-0.369490528,0.711762132,0.770388996,NM_000169,NM_000169,ENSG00000102393,X,101393273,101408012,GLA,TRUE
NM_000170.2,3643.868463,1.71554145,0.456424818,3.758650674,0.000170832,0.000564345,NM_000170,NM_000170,ENSG00000178445,9,6532464,6645783,GLDC,TRUE
NM_000173.6,22.68688983,-1.546150161,0.83966134,-1.841397344,0.065563352,0.10646774,NM_000173,NM_000173,ENSG00000185245,17,4932277,4935023,GP1BA,TRUE
NM_000179.2,207.3488642,-0.831202741,0.521101152,-1.595089049,0.110692324,0.165827947,NM_000179,NM_000179,ENSG00000116062,2,47695530,47810101,MSH6,TRUE
NM_000180.3,14.0477244,-6.438577833,1.60959726,-4.000117291,6.33E-05,0.000230023,NM_000180,NM_000180,ENSG00000132518,17,8002615,8020342,GUCY2D,TRUE
NM_000181.3,161.6319739,-1.537019054,0.612155695,-2.510830279,0.012044759,0.024717146,NM_000181,NM_000181,ENSG00000169919,7,65960684,65982215,GUSB,TRUE
NM_000182.4,5110.553969,1.656981047,0.476945593,3.474151079,0.000512472,0.001503067,NM_000182,NM_000182,ENSG00000084754,2,26190635,26244672,HADHA,TRUE
NM_000184.2,6.349039973,2.906226615,1.483080276,1.959588204,0.050043941,0.084507674,NM_000184,NM_000184,ENSG00000196565,11,5253188,5505605,HBG2,TRUE
NM_000185.3,5.098389477,2.249269726,1.489085235,1.51050435,0.13091478,0.190522787,NM_000185,NM_000185,ENSG00000099937,22,20774113,20787720,SERPIND1,TRUE
NM_000187.3,4.45889578,1.52895892,1.557743743,0.981521464,0.326335655,0.409408068,NM_000187,NM_000187,ENSG00000113924,3,120628172,120682269,HGD,TRUE
NM_000189.4,2243.3801,0.359299765,0.537809756,0.668079671,0.504082738,0.585020473,NM_000189,NM_000189,ENSG00000159399,2,74834127,74893359,HK2,TRUE
NM_000191.2,80.92362023,0.592483146,0.594162191,0.997174096,0.318680012,0.401143682,NM_000191,NM_000191,ENSG00000117305,1,23801885,23838620,HMGCL,TRUE
NM_000194.2,745.1223842,2.126573411,0.508742172,4.180061196,2.91E-05,0.000113362,NM_000194,NM_000194,ENSG00000165704,X,134460165,134520513,HPRT1,TRUE
NM_000196.3,488.1258851,-8.469560252,0.819513172,-10.33486775,4.90E-25,3.96E-23,NM_000196,NM_000196,ENSG00000176387,16,67430652,67437553,HSD11B2,TRUE
NM_000199.3,301.6751567,-3.323498628,0.602522312,-5.515976023,3.47E-08,2.44E-07,NM_000199,NM_000199,ENSG00000181523,17,80206716,80220923,SGSH,TRUE
NM_000201.2,774.1227236,2.628137582,0.616403387,4.263665054,2.01E-05,8.10E-05,NM_000201,NM_000201,ENSG00000090339,19,10271093,10286615,ICAM1,TRUE
NM_000203.4,101.9077803,-3.27277147,0.666808336,-4.908114213,9.20E-07,4.86E-06,NM_000203,NM_000203,ENSG00000127415,4,986997,1004564,IDUA,TRUE
NM_000206.2,5507.720265,10.7716797,0.599444754,17.96942859,3.38E-72,1.46E-68,NM_000206,NM_000206,ENSG00000147168,X,71107404,71112108,IL2RG,TRUE
NM_000212.2,196.4511578,6.193587308,0.669886049,9.245732639,2.34E-20,1.09E-18,NM_000212,NM_000212,ENSG00000259207,17,47253846,47313735,ITGB3,TRUE
NM_000214.2,756.9720997,-1.997778408,0.493725318,-4.046335756,5.20E-05,0.000192299,NM_000214,NM_000214,ENSG00000101384,20,10637684,10673999,JAG1,TRUE
NM_000215.3,467.4263242,1.662085045,0.582718512,2.852294908,0.004340481,0.010056854,NM_000215,NM_000215,ENSG00000105639,19,17824780,17848071,JAK3,TRUE
NM_000216.3,705.8165617,-3.34340838,0.485498966,-6.886540681,5.72E-12,7.67E-11,NM_000216,NM_000216,ENSG00000011201,X,8528874,8732137,ANOS1,TRUE
NM_000217.2,7.025047877,-3.220663058,1.464195714,-2.199612406,0.027834406,0.051114306,NM_000217,NM_000217,ENSG00000111262,12,4909905,4918256,KCNA1,TRUE
NM_000218.2,2.038159527,-3.498521191,2.232093185,-1.567372373,0.117027678,0.173400034,NM_000218,NM_000218,ENSG00000053918,11,2444684,2849105,KCNQ1,TRUE
NM_000221.2,28.09465814,-2.125964018,0.814375116,-2.610546388,0.009039771,0.019271795,NM_000221,NM_000221,ENSG00000138030,2,27086747,27100762,KHK,TRUE
NM_000229.1,171.4898395,-2.642264399,0.591280853,-4.468712943,7.87E-06,3.44E-05,NM_000229,NM_000229,ENSG00000213398,16,67939750,67944131,LCAT,TRUE
NM_000231.2,4.805328827,-2.58092191,1.59484584,-1.61828927,0.105600272,0.159449417,NM_000231,NM_000231,ENSG00000102683,13,23180952,23325165,SGCG,TRUE
NM_000232.4,147.4058954,0.011171802,0.598740833,0.018658827,0.985113274,0.991445218,NM_000232,NM_000232,ENSG00000163069,4,52020706,52038482,SGCB,TRUE
NM_000233.3,8.056942377,-4.166159373,1.568010567,-2.65697149,0.007884611,0.017086611,NM_000233,NM_000233,ENSG00000138039,2,48686774,48755730,LHCGR,TRUE
NM_000237.2,44.21206909,-3.612086143,0.785748674,-4.596999347,4.29E-06,1.99E-05,NM_000237,NM_000237,ENSG00000175445,8,19901717,19967259,LPL,TRUE
NM_000240.3,7.387904783,-4.351763746,1.595186811,-2.728059005,0.006370821,0.01410961,NM_000240,NM_000240,ENSG00000189221,X,43654907,43746824,MAOA,TRUE
NM_000250.1,6.31158136,0.464324464,1.307806098,0.355040755,0.72255906,0.779413807,NM_000250,NM_000250,ENSG00000005381,17,58269855,58280935,MPO,TRUE
NM_000251.2,127.8613063,-2.344663221,0.659214881,-3.55675105,0.00037547,0.001139828,NM_000251,NM_000251,ENSG00000095002,2,47403067,47663146,MSH2,TRUE
NM_000252.2,98.40115296,1.653164786,0.601099195,2.750236231,0.005955231,0.013281996,NM_000252,NM_000252,ENSG00000171100,X,150568619,150673322,MTM1,TRUE
NM_000253.3,5.381610325,5.454024748,1.835228119,2.971851123,0.002960102,0.007191902,NM_000253,NM_000253,ENSG00000138823,4,99563761,99623999,MTTP,TRUE
NM_000255.3,654.6595212,1.939388535,0.543140467,3.570694239,0.000356036,0.001087438,NM_000255,NM_000255,ENSG00000146085,6,49430360,49463253,MMUT,TRUE
NM_000256.3,2.854618029,-0.763263686,1.756598442,-0.434512332,0.663916442,0.728430399,NM_000256,NM_000256,ENSG00000134571,11,47331406,47352702,MYBPC3,TRUE
NM_000257.3,1.903706424,-2.204764646,2.29971907,-0.958710425,0.337704645,0.42130756,NM_000257,NM_000257,ENSG00000092054,14,23412740,23435660,MYH7,TRUE
NM_000259.3,9.858949232,2.198444377,1.136310043,1.934722297,0.053024383,0.088847973,NM_000259,NM_000259,ENSG00000197535,15,52307283,52529050,MYO5A,TRUE
NM_000262.2,788.9316247,-1.06397344,0.53447799,-1.990677744,0.046516327,0.079626737,NM_000262,NM_000262,ENSG00000198951,22,42058334,42070842,NAGA,TRUE
NM_000263.3,609.469621,-2.306830528,0.559575961,-4.122461807,3.75E-05,0.000142566,NM_000263,NM_000263,ENSG00000108784,17,42536241,42544449,NAGLU,TRUE
NM_000264.3,13.11650857,-2.34166287,1.127246968,-2.077329047,0.0377712,0.066649629,NM_000264,NM_000264,ENSG00000185920,9,95442980,95517057,PTCH1,TRUE
NM_000265.5,652.4739335,7.680186177,0.708984575,10.83265624,2.41E-27,2.45E-25,NM_000265,NM_000265,ENSG00000158517,7,74773962,74789376,NCF1,TRUE
NM_000268.3,6.130648163,2.535859803,1.39364575,1.819587081,0.06882191,0.111051595,NM_000268,NM_000268,ENSG00000186575,22,29603556,29698598,NF2,TRUE
NM_000270.3,2534.556269,0.453845265,0.472054671,0.961425219,0.336338409,0.419849579,NM_000270,NM_000270,ENSG00000198805,14,20468954,20477094,PNP,TRUE
NM_000271.4,1701.480636,-0.153254582,0.462008259,-0.331713946,0.740105269,0.794581419,NM_000271,NM_000271,ENSG00000141458,18,23506184,23586506,NPC1,TRUE
NM_000273.2,354.1094563,-8.570308507,0.917809675,-9.337784009,9.84E-21,4.77E-19,NM_000273,NM_000273,ENSG00000101850,X,9725346,9786297,GPR143,TRUE
NM_000277.1,51.97303477,-2.581906103,0.711690063,-3.62785184,0.000285789,0.000894106,NM_000277,NM_000277,ENSG00000171759,12,102836889,102958410,PAH,TRUE
NM_000281.3,38.71408037,-3.60110768,0.818118865,-4.401692509,1.07E-05,4.56E-05,NM_000281,NM_000281,ENSG00000166228,10,70882280,70888565,PCBD1,TRUE
NM_000285.3,3.661839016,-4.420085504,1.976265861,-2.236584456,0.025313512,0.047124251,NM_000285,NM_000285,ENSG00000124299,19,33386950,33521791,PEPD,TRUE
NM_000286.2,217.0738559,1.826049797,0.540284865,3.379790762,0.00072541,0.002057942,NM_000286,NM_000286,ENSG00000108733,17,35574795,35578863,PEX12,TRUE
NM_000287.3,39.35394825,-1.700877508,0.795136505,-2.139101271,0.032427467,0.058450398,NM_000287,NM_000287,ENSG00000124587,6,42963865,42979181,PEX6,TRUE
NM_000288.3,249.2881025,0.334055723,0.519396021,0.643161884,0.520119063,0.599084228,NM_000288,NM_000288,ENSG00000112357,6,136822564,136913934,PEX7,TRUE
NM_000290.3,78.01277044,-0.217013636,0.630458755,-0.344215437,0.730684273,0.7866114,NM_000290,NM_000290,ENSG00000164708,7,44062727,44065567,PGAM2,TRUE
NM_000291.3,31640.30724,2.391577102,0.478619851,4.996819704,5.83E-07,3.21E-06,NM_000291,NM_000291,ENSG00000102144,X,77910739,78129295,PGK1,TRUE
NM_000292.2,1155.560366,0.252623377,0.464676157,0.5436547,0.586679111,0.659485842,NM_000292,NM_000292,ENSG00000044446,X,18892298,18984114,PHKA2,TRUE
NM_000293.2,43.09458232,0.320134732,0.669161355,0.478411865,0.63235709,0.700427235,NM_000293,NM_000293,ENSG00000102893,16,47461123,47701523,PHKB,TRUE
NM_000294.2,149.9082262,-2.211564217,0.546775475,-4.044739238,5.24E-05,0.000193285,NM_000294,NM_000294,ENSG00000156873,16,30748293,30761176,PHKG2,TRUE
NM_000297.3,572.2457435,-0.373370887,0.529846922,-0.704676901,0.48101133,0.563378194,NM_000297,NM_000297,ENSG00000118762,4,88007635,88077777,PKD2,TRUE
NM_000303.2,434.7137943,0.543825075,0.502824094,1.081541401,0.279456355,0.359813073,NM_000303,NM_000303,ENSG00000140650,16,8788823,8849325,PMM2,TRUE
NM_000305.2,38.49296013,2.996025804,0.753326104,3.977063571,6.98E-05,0.000251317,NM_000305,NM_000305,ENSG00000105854,7,95404862,95435329,PON2,TRUE
NM_000307.4,55.39977028,-8.38162345,1.475118053,-5.682001813,1.33E-08,1.03E-07,NM_000307,NM_000307,ENSG00000196767,X,83508290,83512127,POU3F4,TRUE
NM_000310.3,199.9912912,-0.438044623,0.511016694,-0.857202177,0.391333159,0.475883385,NM_000310,NM_000310,ENSG00000131238,1,40071461,40097727,PPT1,TRUE
NM_000312.3,18.57461123,-4.965541581,1.265947991,-3.922389873,8.77E-05,0.000308119,NM_000312,NM_000312,ENSG00000115718,2,127418427,127429246,PROC,TRUE
NM_000317.2,174.6437564,0.019892282,0.562930807,0.035336993,0.971811026,0.981880741,NM_000317,NM_000317,ENSG00000150787,11,112226367,112269955,PTS,TRUE
NM_000320.2,6.050718063,-1.167605192,1.352639814,-0.863204809,0.38802487,0.47252354,NM_000320,NM_000320,ENSG00000151552,4,17460261,17512206,QDPR,TRUE
NM_000321.2,1570.850989,3.887322233,0.555560652,6.997115827,2.61E-12,3.71E-11,NM_000321,NM_000321,ENSG00000139687,13,48303726,48599436,RB1,TRUE
NM_000322.4,3.31158573,-3.138925963,1.886538786,-1.663854455,0.096141519,0.146977435,NM_000322,NM_000322,ENSG00000112619,6,42696598,42722597,PRPH2,TRUE
NM_000327.3,12.10446995,-0.661359867,1.0215934,-0.647380716,0.517385573,0.596887964,NM_000327,NM_000327,ENSG00000149489,11,62611722,62615120,ROM1,TRUE
NM_000328.2,57.5241265,3.110524782,0.79440297,3.915550294,9.02E-05,0.000316217,NM_000328,NM_000328,ENSG00000156313,X,38269170,38327544,RPGR,TRUE
NM_000330.3,2.357570159,2.845699812,2.076803165,1.370230872,0.170614844,0.237278012,NM_000330,NM_000330,ENSG00000102104,X,18639688,18672108,RS1,TRUE
NM_000334.4,273.898489,-5.165857293,0.598895371,-8.625642379,6.37E-18,2.10E-16,NM_000334,NM_000334,ENSG00000007314,17,63938554,63972918,SCN4A,TRUE
NM_000336.2,13.2484919,1.436117434,0.991136856,1.448959773,0.147348817,0.20999509,NM_000336,NM_000336,ENSG00000168447,16,23278231,23381294,SCNN1B,TRUE
NM_000341.3,293.4927816,1.320018002,0.551080209,2.395328268,0.016605491,0.032727474,NM_000341,NM_000341,ENSG00000138079,2,44275458,44321494,SLC3A1,TRUE
NM_000342.3,1.835225102,-2.226624466,2.161140597,-1.030300606,0.302868915,0.384533452,NM_000342,NM_000342,ENSG00000004939,17,44248390,44268141,SLC4A1,TRUE
NM_000346.3,104.8251135,-1.562304562,0.72521488,-2.154264349,0.031219447,0.056555329,NM_000346,NM_000346,ENSG00000125398,17,72121020,72126416,SOX9,TRUE
NM_000349.2,30.04596336,-3.784364922,0.904151185,-4.185544393,2.84E-05,0.000110992,NM_000349,NM_000349,ENSG00000147465,8,38142700,38150992,STAR,TRUE
NM_000350.2,5.600674567,-0.496495807,1.370793706,-0.362195862,0.717205672,0.775406957,NM_000350,NM_000350,ENSG00000198691,1,93992834,94121148,ABCA4,TRUE
NM_000353.2,2.596068042,0.179568713,1.799911206,0.099765317,0.920530643,0.941911365,NM_000353,NM_000353,ENSG00000198650,16,71565660,71577092,TAT,TRUE
NM_000355.3,8.174377196,-2.651820551,1.305001974,-2.032043325,0.04214927,0.073231539,NM_000355,NM_000355,ENSG00000185339,22,30607003,30627271,TCN2,TRUE
NM_000358.2,135.0202437,-5.910692982,0.739685988,-7.990813777,1.34E-15,3.21E-14,NM_000358,NM_000358,ENSG00000120708,5,136028988,136063818,TGFBI,TRUE
NM_000359.2,45.85374696,-0.569067766,0.689954014,-0.824790861,0.409490336,0.494113696,NM_000359,NM_000359,ENSG00000092295,14,24249114,24264432,TGM1,TRUE
NM_000361.2,11.79376469,-6.177606661,1.647803984,-3.748993643,0.000177546,0.000584,NM_000361,NM_000361,ENSG00000178726,20,23045633,23049672,THBD,TRUE
NM_000362.4,36.55308085,-7.806541337,1.495422075,-5.220292964,1.79E-07,1.08E-06,NM_000362,NM_000362,ENSG00000100234,22,32801701,32863043,TIMP3,TRUE
NM_000363.4,207.8013976,-10.19365708,1.440930074,-7.074359309,1.50E-12,2.20E-11,NM_000363,NM_000363,ENSG00000129991,19,55151767,55157773,TNNI3,TRUE
NM_000366.5,2.401278573,-3.719500781,2.204521595,-1.687214491,0.091562116,0.140904826,NM_000366,NM_000366,ENSG00000140416,15,63042632,63071915,TPM1,TRUE
NM_000373.3,1094.059692,1.194427052,0.512750436,2.329451068,0.019835182,0.038121566,NM_000373,NM_000373,ENSG00000114491,3,124730433,124749273,UMPS,TRUE
NM_000374.4,2214.037338,-1.846356859,0.487038811,-3.790985068,0.000150051,0.000501752,NM_000374,NM_000374,ENSG00000126088,1,45010950,45015575,UROD,TRUE
NM_000377.2,92.73189186,3.465778259,0.680468267,5.0932254,3.52E-07,2.02E-06,NM_000377,NM_000377,ENSG00000015285,X,48676596,48691427,WAS,TRUE
NM_000379.3,25.52906857,-6.148129239,1.352502049,-4.54574486,5.47E-06,2.48E-05,NM_000379,NM_000379,ENSG00000158125,2,31334321,31414742,XDH,TRUE
NM_000380.3,86.96541433,4.253810183,0.723794557,5.877096122,4.18E-09,3.57E-08,NM_000380,NM_000380,ENSG00000136936,9,97674909,97697357,XPA,TRUE
NM_000382.2,15.58328635,2.317762943,0.988647561,2.344377344,0.019058878,0.036874971,NM_000382,NM_000382,ENSG00000072210,17,19648136,19685760,ALDH3A2,TRUE
NM_000383.3,4.386332079,-2.860384047,1.743430419,-1.640664299,0.10086712,0.153228415,NM_000383,NM_000383,ENSG00000160224,21,44285838,44298648,AIRE,TRUE
NM_000384.2,13.63683647,-6.393307645,1.620432967,-3.945431731,7.97E-05,0.000282691,NM_000384,NM_000384,ENSG00000084674,2,21001429,21044073,APOB,TRUE
NM_000386.3,564.1093205,0.312860664,0.473336043,0.66096945,0.508631905,0.58909012,NM_000386,NM_000386,ENSG00000108578,17,30248203,30292056,BLMH,TRUE
NM_000387.5,164.2982877,2.303440214,0.527533315,4.366435538,1.26E-05,5.28E-05,NM_000387,NM_000387,ENSG00000178537,3,48856926,48898904,SLC25A20,TRUE
NM_000390.3,28.21659123,1.837025054,0.800090625,2.29602122,0.021674668,0.041211995,NM_000390,NM_000390,ENSG00000188419,X,85861180,86047561,CHM,TRUE
NM_000391.3,1257.203167,-1.731948479,0.528658608,-3.276118941,0.001052442,0.00287102,NM_000391,NM_000391,ENSG00000166340,11,6612768,6619448,TPP1,TRUE
NM_000392.4,52.76744322,0.942269215,0.646164146,1.45825054,0.144771498,0.20684371,NM_000392,NM_000392,ENSG00000023839,10,99782640,99852594,ABCC2,TRUE
NM_000393.4,219.7454442,-3.752796758,0.546954407,-6.861260667,6.83E-12,9.01E-11,NM_000393,NM_000393,ENSG00000204262,2,189031898,189225312,COL5A2,TRUE
NM_000395.2,163.453134,8.300447121,1.06830252,7.769753388,7.86E-15,1.66E-13,NM_000395,NM_000395,ENSG00000100368,22,36913628,36940439,CSF2RB,TRUE
NM_000396.3,35.20563148,-0.38068405,0.764095322,-0.498215392,0.618332235,0.689062401,NM_000396,NM_000396,ENSG00000143387,1,150796208,150808260,CTSK,TRUE
NM_000397.3,1267.970331,10.71270969,0.892441337,12.00382507,3.39E-33,6.30E-31,NM_000397,NM_000397,ENSG00000165168,X,37780059,37813461,CYBB,TRUE
NM_000398.6,46.23463518,-3.150849335,0.743712264,-4.236651038,2.27E-05,9.04E-05,NM_000398,NM_000398,ENSG00000100243,22,42617840,42649392,CYB5R3,TRUE
NM_000400.3,1150.102389,-3.41005516,0.6300595,-5.412274804,6.22E-08,4.18E-07,NM_000400,NM_000400,ENSG00000104884,19,45349837,45370918,ERCC2,TRUE
NM_000401.3,18.26810612,-0.763666824,0.918012375,-0.831869857,0.405482408,0.489972047,NM_000401,NM_000401,ENSG00000151348,11,44095673,44251981,EXT2,TRUE
NM_000402.4,8.283302873,-1.563599969,1.224724381,-1.276695388,0.20170981,0.273280097,NM_000402,NM_000402,ENSG00000160211,X,154531391,154547572,G6PD,TRUE
NM_000405.4,150.6140491,1.094748227,0.570881308,1.917645948,0.05515592,0.09206349,NM_000405,NM_000405,ENSG00000196743,5,151212150,151270440,GM2A,TRUE
NM_000407.4,6.251441224,-5.247921381,1.781081182,-2.94648073,0.003214124,0.007733267,NM_000407,NM_000407,ENSG00000203618,22,19723539,19724771,GP1BB,TRUE
NM_000416.2,4520.411115,5.251892434,0.52104014,10.07963116,6.80E-24,4.72E-22,NM_000416,NM_000416,ENSG00000027697,6,137197484,137219449,IFNGR1,TRUE
NM_000417.2,2.078968069,3.957702441,2.25056174,1.758539822,0.078655702,0.12399436,NM_000417,NM_000417,ENSG00000134460,10,6010689,6062370,IL2RA,TRUE
NM_000419.4,227.8322833,-6.663486069,0.731805161,-9.1055467,8.58E-20,3.78E-18,NM_000419,NM_000419,ENSG00000005961,17,44372180,44389649,ITGA2B,TRUE
NM_000420.2,72.89888064,-4.235279067,0.722671216,-5.860589121,4.61E-09,3.89E-08,NM_000420,NM_000420,ENSG00000197993,7,142941114,142962363,KEL,TRUE
NM_000421.3,82.19670205,1.035738142,0.591062935,1.752331403,0.079716839,0.125530115,NM_000421,NM_000421,ENSG00000186395,17,40818117,40822614,KRT10,TRUE
NM_000422.2,139.7872365,4.099070173,0.649671612,6.309449419,2.80E-10,2.94E-09,NM_000422,NM_000422,ENSG00000128422,17,41619442,41624842,KRT17,TRUE
NM_000424.3,10.49452851,2.807564214,1.21869893,2.303738967,0.021237301,0.040487013,NM_000424,NM_000424,ENSG00000186081,12,52514575,52520530,KRT5,TRUE
NM_000428.2,38.55423802,-3.341158152,0.825816296,-4.045885467,5.21E-05,0.00019256,NM_000428,NM_000428,ENSG00000119681,14,74498183,74612378,LTBP2,TRUE
NM_000429.2,59.65764886,-8.48559504,1.470228563,-5.771616231,7.85E-09,6.32E-08,NM_000429,NM_000429,ENSG00000151224,10,80271820,80289658,MAT1A,TRUE
NM_000430.3,1248.562907,1.104622834,0.480709818,2.297899464,0.021567512,0.041032262,NM_000430,NM_000430,ENSG00000007168,17,2593210,2685615,PAFAH1B1,TRUE
NM_000435.2,3213.37606,-12.86197044,1.184644777,-10.85723813,1.84E-27,1.90E-25,NM_000435,NM_000435,ENSG00000074181,19,15159038,15200995,NOTCH3,TRUE
NM_000436.3,1235.473368,3.294264357,0.514244943,6.406021885,1.49E-10,1.63E-09,NM_000436,NM_000436,ENSG00000083720,5,41730065,41870425,OXCT1,TRUE
NM_000437.3,216.648479,-0.03314691,0.505908906,-0.065519523,0.947760363,0.962799474,NM_000437,NM_000437,ENSG00000158006,1,25959767,25998117,PAFAH2,TRUE
NM_000439.4,4.343742369,-3.07782169,1.787341295,-1.722011179,0.085067493,0.132558411,NM_000439,NM_000439,ENSG00000175426,5,96390333,96434143,PCSK1,TRUE
NM_000441.1,3.95855195,1.336156444,1.628425972,0.820520225,0.411919604,0.496550151,NM_000441,NM_000441,ENSG00000091137,7,107660828,107717809,SLC26A4,TRUE
NM_000442.4,27.14781834,7.827694621,1.530022139,5.116066247,3.12E-07,1.81E-06,NM_000442,NM_000442,ENSG00000261371,17,64319415,64413776,PECAM1,TRUE
NM_000444.5,159.6378634,9.041061425,1.261144047,7.168936367,7.56E-13,1.17E-11,NM_000444,NM_000444,ENSG00000102174,X,22032325,22251310,PHEX,TRUE
NM_000445.4,4.283253772,0.732273457,1.656541639,0.442049532,0.658453363,0.723964459,NM_000445,NM_000445,ENSG00000178209,8,143915147,143976734,PLEC,TRUE
NM_000446.5,3.431255851,4.664960388,2.041641237,2.284907017,0.022318281,0.042268781,NM_000446,NM_000446,ENSG00000005421,7,95297676,95324532,PON1,TRUE
NM_000448.2,5.832706616,-3.994778416,1.675409752,-2.384359057,0.0171089,0.033607507,NM_000448,NM_000448,ENSG00000166349,11,36510709,36593156,RAG1,TRUE
NM_000453.2,50.55221593,-6.262316991,1.107143258,-5.656284266,1.55E-08,1.18E-07,NM_000453,NM_000453,ENSG00000105641,19,17871945,17895174,SLC5A5,TRUE
NM_000454.4,3370.336249,0.870980435,0.47441807,1.835892203,0.066373601,0.107594839,NM_000454,NM_000454,ENSG00000142168,21,31659622,31668931,SOD1,TRUE
NM_000455.4,1271.396171,-1.564902299,0.499868311,-3.130629139,0.001744323,0.004497861,NM_000455,NM_000455,ENSG00000118046,19,1177558,1228431,STK11,TRUE
NM_000459.4,16.7436407,-6.70154204,1.572540284,-4.261602776,2.03E-05,8.17E-05,NM_000459,NM_000459,ENSG00000120156,9,27109141,27230174,TEK,TRUE
NM_000462.3,8.932606442,3.084738093,1.276246119,2.417040136,0.015647292,0.031141225,NM_000462,NM_000462,ENSG00000114062,15,25333728,25439051,UBE3A,TRUE
NM_000474.3,2.123761179,-3.54497392,2.230066994,-1.589626648,0.111918987,0.167299189,NM_000474,NM_000474,ENSG00000122691,7,19020991,19117636,TWIST1,TRUE
NM_000475.4,4.490799091,-4.739831138,1.894813776,-2.501475975,0.012367683,0.025311876,NM_000475,NM_000475,ENSG00000169297,X,30304206,30309390,NR0B1,TRUE
NM_000478.5,380.7651815,-9.833269989,1.211531164,-8.116398721,4.80E-16,1.20E-14,NM_000478,NM_000478,ENSG00000162551,1,21509397,21578410,ALPL,TRUE
NM_000479.4,225.5403308,-6.310222265,0.720528101,-8.757773995,1.99E-18,7.15E-17,NM_000479,NM_000479,ENSG00000104899,19,2249309,2252073,AMH,TRUE
NM_000483.4,1.852971759,3.74320762,2.289097595,1.635232866,0.102000241,0.154552306,NM_000483,NM_000483,ENSG00000234906,19,44945971,44949566,APOC2,TRUE
NM_000485.2,360.9173788,-2.016618983,0.581754013,-3.46644619,0.000527387,0.001542653,NM_000485,NM_000485,ENSG00000198931,16,88809339,88811937,APRT,TRUE
NM_000489.4,14.40824955,3.828908755,1.199760687,3.191393747,0.001415882,0.003737721,NM_000489,NM_000489,ENSG00000085224,X,77504878,77786233,ATRX,TRUE
NM_000492.3,93.15605099,1.722161658,0.711155038,2.421640241,0.015450638,0.030797008,NM_000492,NM_000492,ENSG00000001626,7,117287120,117715971,CFTR,TRUE
NM_000493.3,21.38640931,-1.468522585,0.850268644,-1.727127768,0.08414472,0.131293646,NM_000493,NM_000493,ENSG00000123500,6,116118909,116158747,COL10A1,TRUE
NM_000494.3,17.87842513,-2.11039916,0.94855869,-2.224848268,0.026091426,0.048419844,NM_000494,NM_000494,ENSG00000065618,10,104031286,104085880,COL17A1,TRUE
NM_000496.2,2.702680409,-3.949614151,2.093277395,-1.886808772,0.059186051,0.097599533,NM_000496,NM_000496,ENSG00000244752,22,25212564,25231870,CRYBB2,TRUE
NM_000505.3,147.6434557,-1.879920233,0.642913261,-2.924065105,0.003454925,0.008228001,NM_000505,NM_000505,ENSG00000131187,5,177402140,177409576,F12,TRUE
NM_000512.4,7.477761007,-5.519328279,1.729737642,-3.190847065,0.001418563,0.00374176,NM_000512,NM_000512,ENSG00000141012,16,88813734,88856970,GALNS,TRUE
NM_000517.4,4.127680045,-4.614488652,1.91746686,-2.406554578,0.016103798,0.03189347,NM_000517,NM_000517,ENSG00000188536,16,172876,173710,HBA2,TRUE
NM_000521.3,752.8801279,-0.224909158,0.505602513,-0.444833939,0.656439765,0.722422829,NM_000521,NM_000521,ENSG00000049860,5,74640023,74722647,HEXB,TRUE
NM_000524.3,99.66712476,-9.19369808,1.451323144,-6.334700939,2.38E-10,2.52E-09,NM_000524,NM_000524,ENSG00000178394,5,63960356,63962507,HTR1A,TRUE
NM_000525.3,20.99792717,-7.012403409,1.55875342,-4.498725276,6.84E-06,3.03E-05,NM_000525,NM_000525,ENSG00000187486,11,17385859,17389331,KCNJ11,TRUE
NM_000526.4,10.89614278,2.250464372,1.195039613,1.883171359,0.059677149,0.098234861,NM_000526,NM_000526,ENSG00000186847,17,41582279,41586895,KRT14,TRUE
NM_000538.3,97.13966807,1.169828606,0.566647035,2.064474946,0.038972707,0.068555671,NM_000538,NM_000538,ENSG00000133111,13,36819224,36829104,RFXAP,TRUE
NM_000551.3,93.77966325,0.646136023,0.570861285,1.131861699,0.257692583,0.336245018,NM_000551,NM_000551,ENSG00000134086,3,10141008,10152220,VHL,TRUE
NM_000552.4,38.20566386,-5.983127842,1.1884185,-5.034529372,4.79E-07,2.68E-06,NM_000552,NM_000552,ENSG00000110799,12,5948874,6124770,VWF,TRUE
NM_000553.4,997.3271333,1.636650936,0.534364227,3.062800342,0.002192763,0.005518425,NM_000553,NM_000553,ENSG00000165392,8,31033788,31176138,WRN,TRUE
NM_000561.3,47.29569049,0.531325665,0.662904538,0.801511582,0.422835541,0.507590125,NM_000561,NM_000561,ENSG00000134184,1,109687814,109709039,GSTM1,TRUE
NM_000565.3,19.05814449,1.09569657,0.884627916,1.238595969,0.215495162,0.288570337,NM_000565,NM_000565,ENSG00000160712,1,154405193,154469450,IL6R,TRUE
NM_000572.2,30.25938524,7.997805434,1.512508346,5.287776067,1.24E-07,7.75E-07,NM_000572,NM_000572,ENSG00000136634,1,206767602,206774541,IL10,TRUE
NM_000575.4,9.913574282,0.069697449,1.09328034,0.063750756,0.949168689,0.963928755,NM_000575,NM_000575,ENSG00000115008,2,112773925,112784493,IL1A,TRUE
NM_000576.2,3.442774774,2.5985341,1.79860655,1.444748491,0.148528544,0.211514021,NM_000576,NM_000576,ENSG00000125538,2,112829751,112836816,IL1B,TRUE
NM_000578.3,2.435519234,-3.776762278,2.154131812,-1.753264242,0.07955666,0.125293063,NM_000578,NM_000578,ENSG00000018280,2,218382029,218396894,SLC11A1,TRUE
NM_000585.4,22.38370048,3.950675545,0.967561326,4.083126763,4.44E-05,0.000166637,NM_000585,NM_000585,ENSG00000164136,4,141636583,141733987,IL15,TRUE
NM_000597.2,559.8333391,-9.757993719,1.034580952,-9.431831987,4.03E-21,2.05E-19,NM_000597,NM_000597,ENSG00000115457,2,216632828,216664436,IGFBP2,TRUE
NM_000599.3,23.39920574,-7.173011767,1.539085039,-4.660568834,3.15E-06,1.51E-05,NM_000599,NM_000599,ENSG00000115461,2,216672105,216695549,IGFBP5,TRUE
NM_000602.4,96.0067697,-1.434163061,0.614209315,-2.334974456,0.019544755,0.037619022,NM_000602,NM_000602,ENSG00000106366,7,101127104,101139247,SERPINE1,TRUE
NM_000603.4,168.2194914,-5.887956421,0.711112191,-8.279926142,1.23E-16,3.37E-15,NM_000603,NM_000603,ENSG00000164867,7,150991017,151014588,NOS3,TRUE
NM_000605.3,20.35928732,5.310363866,1.236411246,4.294981853,1.75E-05,7.11E-05,NM_000605,NM_000605,ENSG00000188379,9,21384255,21385398,IFNA2,TRUE
NM_000606.2,7.003410836,-3.559733558,1.524245409,-2.335407106,0.019522164,0.037586672,NM_000606,NM_000606,ENSG00000176919,9,136945185,136946975,C8G,TRUE
NM_000608.2,7.321372585,-1.951547557,1.393466039,-1.400498829,0.161363994,0.226320577,NM_000608,NM_000608,ENSG00000228278,9,114329869,114333256,ORM2,TRUE
NM_000609.6,4.37772089,-4.702786936,1.898024706,-2.477726934,0.01322223,0.026861981,NM_000609,NM_000609,ENSG00000107562,10,44370165,44386493,CXCL12,TRUE
NM_000610.3,4.50626434,2.94006426,1.663734786,1.767147195,0.07720358,0.122075402,NM_000610,NM_000610,ENSG00000026508,11,35138870,35232402,CD44,TRUE
NM_000613.2,10.74286664,-2.381575912,1.143709859,-2.082325245,0.037312772,0.065939187,NM_000613,NM_000613,ENSG00000110169,11,6431049,6442617,HPX,TRUE
NM_000614.3,16.2938211,0.501874906,0.955283941,0.52536726,0.599327909,0.671569711,NM_000614,NM_000614,ENSG00000242689,11,58622665,58625733,CNTF,TRUE
NM_000616.4,10.3321169,-3.623161108,1.327159246,-2.730012333,0.006333196,0.014033454,NM_000616,NM_000616,ENSG00000010610,12,6786858,6820799,CD4,TRUE
NM_000619.2,10.51976386,6.415360217,1.689553134,3.797075148,0.000146413,0.000490789,NM_000619,NM_000619,ENSG00000111537,12,68154768,68159740,IFNG,TRUE
NM_000623.3,5.474730606,-0.642475638,1.379144897,-0.465850716,0.64132236,0.708124502,NM_000623,NM_000623,ENSG00000168398,14,96204679,96244166,BDKRB2,TRUE
NM_000624.5,20.67264089,-7.002977848,1.546095552,-4.529459929,5.91E-06,2.66E-05,NM_000624,NM_000624,ENSG00000188488,14,94561442,94593118,SERPINA5,TRUE
NM_000625.4,45.3208301,-5.139378673,0.958950317,-5.359379504,8.35E-08,5.43E-07,NM_000625,NM_000625,ENSG00000007171,17,27756766,27800529,NOS2,TRUE
NM_000628.4,508.3374411,3.806733549,0.489793184,7.772124388,7.72E-15,1.63E-13,NM_000628,NM_000628,ENSG00000243646,21,33266367,33310187,IL10RB,TRUE
NM_000629.2,479.4013184,3.586161184,0.569541066,6.296580519,3.04E-10,3.17E-09,NM_000629,NM_000629,ENSG00000142166,21,33324429,33359864,IFNAR1,TRUE
NM_000631.4,231.1466164,10.80126687,1.445904238,7.470250513,8.00E-14,1.44E-12,NM_000631,NM_000631,ENSG00000100365,22,36860988,36878017,NCF4,TRUE
NM_000633.2,82.55495502,4.710974129,0.698268922,6.74664729,1.51E-11,1.91E-10,NM_000633,NM_000633,ENSG00000171791,18,63123346,63320128,BCL2,TRUE
NM_000637.3,9.157620102,4.979240173,1.574885844,3.161651488,0.001568772,0.004087362,NM_000637,NM_000637,ENSG00000104687,8,30678066,30727846,GSR,TRUE
NM_000638.3,11.14458297,-1.911790175,1.09518581,-1.745630886,0.080875112,0.127092255,NM_000638,NM_000638,ENSG00000109072,17,28367284,28373091,VTN,TRUE
NM_000639.2,15.71029883,7.066469228,1.586034463,4.455432333,8.37E-06,3.65E-05,NM_000639,NM_000639,ENSG00000117560,1,172659103,172666876,FASLG,TRUE
NM_000641.3,11.25944234,-6.122786129,1.640755227,-3.731687717,0.000190201,0.000621646,NM_000641,NM_000641,ENSG00000095752,19,55364382,55370463,IL11,TRUE
NM_000655.4,440.7452557,10.42976435,1.232369993,8.463176165,2.60E-17,7.90E-16,NM_000655,NM_000655,ENSG00000188404,1,169690665,169711702,SELL,TRUE
NM_000660.6,146.9357496,-0.257400381,0.623992491,-0.412505576,0.679968895,0.742781857,NM_000660,NM_000660,ENSG00000105329,19,41301587,41353922,TGFB1,TRUE
NM_000667.3,2.397024002,-2.634119811,2.056523619,-1.280860471,0.200242679,0.271616101,NM_000667,NM_000667,ENSG00000187758,4,99276369,99291003,ADH1A,TRUE
NM_000671.4,3657.254177,-0.005598807,0.512087948,-0.010933292,0.991276669,0.99537535,NM_000671,NM_000671,ENSG00000197894,4,99070978,99088801,ADH5,TRUE
NM_000676.2,104.6994985,-5.248485721,0.734825266,-7.142494913,9.17E-13,1.39E-11,NM_000676,NM_000676,ENSG00000170425,17,15944917,15975746,ADORA2B,TRUE
NM_000678.3,15.23980352,-6.561256343,1.591109513,-4.123698771,3.73E-05,0.000141885,NM_000678,NM_000678,ENSG00000171873,20,4220630,4249287,ADRA1D,TRUE
NM_000681.3,147.9896657,-9.731440859,1.445634716,-6.731604291,1.68E-11,2.09E-10,NM_000681,NM_000681,ENSG00000150594,10,111077029,111080907,ADRA2A,TRUE
NM_000682.6,143.5092229,-9.690161575,1.4455231,-6.703567433,2.03E-11,2.51E-10,NM_000682,NM_000682,ENSG00000274286,2,96112876,96116571,ADRA2B,TRUE
NM_000683.3,338.5676333,-10.85455295,1.438196,-7.547339136,4.44E-14,8.43E-13,NM_000683,NM_000683,ENSG00000184160,4,3766348,3768526,ADRA2C,TRUE
NM_000684.2,4.869817717,-1.429028471,1.489546516,-0.959371497,0.337371629,0.421018023,NM_000684,NM_000684,ENSG00000043591,10,114043866,114046904,ADRB1,TRUE
NM_000686.4,8.409564914,6.090522987,1.730367374,3.519786074,0.000431895,0.001289731,NM_000686,NM_000686,ENSG00000180772,X,116170744,116174974,AGTR2,TRUE
NM_000687.3,275.4052443,-2.851594753,0.732313646,-3.893952776,9.86E-05,0.000342613,NM_000687,NM_000687,ENSG00000101444,20,34280268,34311802,AHCY,TRUE
NM_000689.4,4.655238284,-4.783576064,1.898450424,-2.519726617,0.011744601,0.024192873,NM_000689,NM_000689,ENSG00000165092,9,72900671,73080442,ALDH1A1,TRUE
NM_000690.3,62.60196302,-5.324028781,0.886355202,-6.006653729,1.89E-09,1.73E-08,NM_000690,NM_000690,ENSG00000111275,12,111766887,111817532,ALDH2,TRUE
NM_000692.4,1229.71177,-1.358818028,0.499438714,-2.720690225,0.006514578,0.014403446,NM_000692,NM_000692,ENSG00000137124,9,38392702,38398661,ALDH1B1,TRUE
NM_000693.3,19.12206148,-3.98465764,1.077318404,-3.698681491,0.000216722,0.00069941,NM_000693,NM_000693,ENSG00000184254,15,100877714,100916626,ALDH1A3,TRUE
NM_000696.3,1343.440509,1.156713516,0.509234726,2.271474149,0.02311829,0.043523874,NM_000696,NM_000696,ENSG00000143149,1,165662216,165698863,ALDH9A1,TRUE
NM_000697.2,150.1308024,0.284910819,0.540465257,0.527158435,0.59808357,0.670437922,NM_000697,NM_000697,ENSG00000108839,17,6996049,7010754,ALOX12,TRUE
NM_000700.2,390.3451836,5.752554394,0.579843584,9.920872723,3.38E-23,2.22E-21,NM_000700,NM_000700,ENSG00000135046,9,73151865,73170393,ANXA1,TRUE
NM_000701.7,13.99255466,1.809223133,1.041415215,1.737273574,0.082338894,0.128946988,NM_000701,NM_000701,ENSG00000163399,1,116372668,116410261,ATP1A1,TRUE
NM_000702.3,1072.871703,-8.662544794,1.710375562,-5.064703323,4.09E-07,2.32E-06,NM_000702,NM_000702,ENSG00000018625,1,160115759,160143591,ATP1A2,TRUE
NM_000704.2,55.13796727,-0.101754911,0.730611371,-0.139273648,0.889233913,0.917897763,NM_000704,NM_000704,ENSG00000105675,19,35550031,35563658,ATP4A,TRUE
NM_000706.4,2.659930607,-2.108035804,1.947821972,-1.082252811,0.279140208,0.359570437,NM_000706,NM_000706,ENSG00000166148,12,63142759,63150942,AVPR1A,TRUE
NM_000707.3,4.394841221,-4.705855597,1.900001304,-2.476764404,0.013257938,0.026905086,NM_000707,NM_000707,ENSG00000198049,1,206106936,206117699,AVPR1B,TRUE
NM_000710.3,1.818104772,-2.212308316,2.168233148,-1.020327689,0.307573076,0.389547779,NM_000710,NM_000710,ENSG00000100739,14,96256210,96268967,BDKRB1,TRUE
NM_000713.2,1165.754813,-3.351969455,0.54868411,-6.109106125,1.00E-09,9.66E-09,NM_000713,NM_000713,ENSG00000090013,19,40447765,40465764,BLVRB,TRUE
NM_000717.4,50.27757227,-4.452468515,0.840058611,-5.300187935,1.16E-07,7.28E-07,NM_000717,NM_000717,ENSG00000167434,17,60149942,60170899,CA4,TRUE
NM_000718.3,13.74632256,-6.414199637,1.604744076,-3.997023408,6.41E-05,0.000232741,NM_000718,NM_000718,ENSG00000148408,9,137877782,138124624,CACNA1B,TRUE
NM_000720.3,17.06922464,2.923762552,0.974463686,3.000381228,0.002696419,0.00662808,NM_000720,NM_000720,ENSG00000157388,3,53328963,53813733,CACNA1D,TRUE
NM_000722.3,328.1208116,2.396283072,0.567942832,4.219232885,2.45E-05,9.70E-05,NM_000722,NM_000722,ENSG00000153956,7,81946444,82443777,CACNA2D1,TRUE
NM_000723.4,34.21845224,-1.906131615,0.838117116,-2.274302216,0.022947822,0.043284455,NM_000723,NM_000723,ENSG00000067191,17,39173453,39197703,CACNB1,TRUE
NM_000725.3,4.990880781,-4.905992807,1.85066452,-2.650935788,0.00802691,0.017345814,NM_000725,NM_000725,ENSG00000167535,12,48813794,48828941,CACNB3,TRUE
NM_000728.3,19.53192276,-6.920726258,1.553905845,-4.453761648,8.44E-06,3.67E-05,NM_000728,NM_000728,ENSG00000175868,11,14904997,15082342,CALCB,TRUE
NM_000738.2,35.16232187,-7.75238495,1.497879574,-5.175572914,2.27E-07,1.35E-06,NM_000738,NM_000738,ENSG00000168539,11,62908679,62921807,CHRM1,TRUE
NM_000741.3,20.48072515,-6.983491118,1.553848469,-4.494319272,6.98E-06,3.09E-05,NM_000741,NM_000741,ENSG00000180720,11,46385098,46386608,CHRM4,TRUE
NM_000743.4,6.153337999,-2.180438227,1.399187382,-1.558360413,0.119147835,0.175759962,NM_000743,NM_000743,ENSG00000080644,15,78593052,78621295,CHRNA3,TRUE
NM_000744.6,19.8950418,-6.948028438,1.55069341,-4.480594548,7.44E-06,3.28E-05,NM_000744,NM_000744,ENSG00000101204,20,63343223,63378401,CHRNA4,TRUE
NM_000745.3,249.645354,0.410095559,0.578641749,0.708721,0.478497631,0.561190796,NM_000745,NM_000745,ENSG00000169684,15,78565520,78595269,CHRNA5,TRUE
NM_000747.2,390.8286503,-2.937516344,0.506895009,-5.795117906,6.83E-09,5.54E-08,NM_000747,NM_000747,ENSG00000170175,17,7445061,7457710,CHRNB1,TRUE
NM_000748.2,71.51246829,-7.601011361,1.264246711,-6.01228486,1.83E-09,1.68E-08,NM_000748,NM_000748,ENSG00000160716,1,154567778,154580013,CHRNB2,TRUE
NM_000750.3,53.79614077,-7.200165407,1.286298884,-5.597583499,2.17E-08,1.60E-07,NM_000750,NM_000750,ENSG00000117971,15,78624111,78727754,CHRNB4,TRUE
NM_000762.5,4.106305144,-3.470447634,1.793853877,-1.93463229,0.053035435,0.088855035,NM_000762,NM_000762,ENSG00000255974,19,40843541,40850447,CYP2A6,TRUE
NM_000766.4,16.12012459,-6.638960607,1.586719516,-4.184079505,2.86E-05,0.00011161,NM_000766,NM_000766,ENSG00000197838,19,41088451,41096195,CYP2A13,TRUE
NM_000767.4,32.11460498,-1.468939008,0.78346782,-1.874919391,0.060803814,0.099740473,NM_000767,NM_000767,ENSG00000197408,19,40991282,41018398,CYP2B6,TRUE
NM_000773.3,5.709600244,0.366511657,1.333781232,0.274791434,0.783476479,0.830646135,NM_000773,NM_000773,ENSG00000130649,10,133520406,133561220,CYP2E1,TRUE
NM_000774.4,11.36216432,-6.124879714,1.652588971,-3.706232959,0.000210365,0.000680244,NM_000774,NM_000774,ENSG00000197446,19,41114432,41128381,CYP2F1,TRUE
NM_000775.3,13.25504405,-0.859229014,1.008277609,-0.852175042,0.394116947,0.47868634,NM_000775,NM_000775,ENSG00000134716,1,59893308,59926773,CYP2J2,TRUE
NM_000781.2,32.4859653,-2.816401811,0.84531483,-3.331778541,0.000862929,0.002405024,NM_000781,NM_000781,ENSG00000140459,15,74337759,74367646,CYP11A1,TRUE
NM_000783.3,31.76405192,-7.592800942,1.524467441,-4.980625191,6.34E-07,3.45E-06,NM_000783,NM_000783,ENSG00000095596,10,93073475,93077885,CYP26A1,TRUE
NM_000784.3,196.1158138,-7.382680641,0.863256968,-8.552124012,1.21E-17,3.81E-16,NM_000784,NM_000784,ENSG00000135929,2,218781749,218815293,CYP27A1,TRUE
NM_000785.3,61.4226591,-1.690365806,0.654538561,-2.582530512,0.009807869,0.020682796,NM_000785,NM_000785,ENSG00000111012,12,57762334,57768986,CYP27B1,TRUE
NM_000786.3,76.22511013,-0.277318317,0.653115878,-0.424608138,0.671122359,0.734538166,NM_000786,NM_000786,ENSG00000001630,7,92112153,92134803,CYP51A1,TRUE
NM_000787.3,8.557024066,-4.274040661,1.544650763,-2.766994821,0.005657565,0.012711916,NM_000787,NM_000787,ENSG00000123454,9,133636363,133659329,DBH,TRUE
NM_000788.2,374.8705984,2.733760866,0.553054208,4.943025158,7.69E-07,4.15E-06,NM_000788,NM_000788,ENSG00000156136,4,70992538,71030914,DCK,TRUE
NM_000789.3,40.37217484,-7.928408606,1.507238802,-5.260220607,1.44E-07,8.91E-07,NM_000789,NM_000789,ENSG00000159640,17,63477061,63498380,ACE,TRUE
NM_000797.3,129.0123577,-9.535483185,1.45656859,-6.546539071,5.89E-11,6.80E-10,NM_000797,NM_000797,ENSG00000069696,11,637269,640706,DRD4,TRUE
NM_000798.4,3.035915412,-1.768765184,1.830827192,-0.966101657,0.333993316,0.417523772,NM_000798,NM_000798,ENSG00000169676,4,9781634,9784009,DRD5,TRUE
NM_000799.2,5.781345625,-3.98592307,1.670547658,-2.38599782,0.017032852,0.033483428,NM_000799,NM_000799,ENSG00000130427,7,100720468,100723700,EPO,TRUE
NM_000808.3,108.6789712,-7.36878678,1.058596824,-6.960900138,3.38E-12,4.72E-11,NM_000808,NM_000808,ENSG00000011677,X,152166234,152451315,GABRA3,TRUE
NM_000812.3,11.46188015,2.694172504,1.14839725,2.346028348,0.018974664,0.036739383,NM_000812,NM_000812,ENSG00000163288,4,46993723,47426447,GABRB1,TRUE
NM_000814.5,7.65932053,-5.556183703,1.722743473,-3.22519504,0.001258869,0.00336354,NM_000814,NM_000814,ENSG00000166206,15,26543546,26939539,GABRB3,TRUE
NM_000815.4,30.72288377,-7.562274586,1.50877151,-5.012206644,5.38E-07,2.98E-06,NM_000815,NM_000815,ENSG00000187730,1,2019329,2030758,GABRD,TRUE
NM_000817.2,18.60446489,0.823338073,0.86351888,0.953468525,0.340352736,0.424046032,NM_000817,NM_000817,ENSG00000128683,2,170813213,170861151,GAD1,TRUE
NM_000820.3,684.4436067,-9.224442965,0.854140828,-10.79967455,3.45E-27,3.45E-25,NM_000820,NM_000820,ENSG00000183087,13,113820549,113864076,GAS6,TRUE
NM_000825.3,4.377650745,2.918912309,1.650933268,1.768037731,0.077054596,0.121869482,NM_000825,NM_000825,ENSG00000147437,8,25419258,25424654,GNRH1,TRUE
NM_000829.3,2.790129138,-2.184029574,1.933912908,-1.129331918,0.258757841,0.337343106,NM_000829,NM_000829,ENSG00000152578,11,105609994,105982092,GRIA4,TRUE
NM_000831.3,63.99713666,-6.60598483,1.08894831,-6.066389719,1.31E-09,1.23E-08,NM_000831,NM_000831,ENSG00000163873,1,36795527,37034515,GRIK3,TRUE
NM_000834.3,17.25074864,-5.388922719,1.405946046,-3.832951295,0.000126615,0.000429519,NM_000834,NM_000834,ENSG00000273079,12,13437942,13981957,GRIN2B,TRUE
NM_000835.4,1.890840665,-3.375996457,2.268414306,-1.488262725,0.136681621,0.197565827,NM_000835,NM_000835,ENSG00000161509,17,74842023,74861504,GRIN2C,TRUE
NM_000836.2,125.3295079,-6.230296725,0.830585907,-7.501086491,6.33E-14,1.17E-12,NM_000836,NM_000836,ENSG00000105464,19,48394875,48444931,GRIN2D,TRUE
NM_000839.3,119.7945288,-6.929431267,0.940325432,-7.369184145,1.72E-13,2.90E-12,NM_000839,NM_000839,ENSG00000164082,3,51707068,51718613,GRM2,TRUE
NM_000840.2,114.8324474,-7.055007064,0.969745462,-7.275112221,3.46E-13,5.62E-12,NM_000840,NM_000840,ENSG00000198822,7,86643914,86864884,GRM3,TRUE
NM_000845.2,10.08655452,3.707005107,1.283314483,2.888617839,0.00386939,0.009081921,NM_000845,NM_000845,ENSG00000179603,7,126438598,127253093,GRM8,TRUE
NM_000848.3,33.80524314,-4.67910944,0.9818883,-4.765419284,1.88E-06,9.36E-06,NM_000848,NM_000848,ENSG00000213366,1,109668022,109709551,GSTM2,TRUE
NM_000849.4,28.05803613,-7.43024356,1.522705778,-4.879631815,1.06E-06,5.54E-06,NM_000849,NM_000849,ENSG00000134202,1,109733932,109741038,GSTM3,TRUE
NM_000850.4,87.48733454,-2.1634489,0.6702811,-3.227674034,0.001248011,0.003339335,NM_000850,NM_000850,ENSG00000168765,1,109656099,109674836,GSTM4,TRUE
NM_000851.3,3.514520154,-4.364018327,1.979995288,-2.204054905,0.027520483,0.050652343,NM_000851,NM_000851,ENSG00000134201,1,109711780,109775428,GSTM5,TRUE
NM_000852.3,19797.01839,-2.195298072,0.544237619,-4.033712473,5.49E-05,0.000201842,NM_000852,NM_000852,ENSG00000084207,11,67583742,67586656,GSTP1,TRUE
NM_000859.2,215.2003125,1.211052954,0.517168478,2.341699087,0.019196185,0.037057876,NM_000859,NM_000859,ENSG00000113161,5,75336329,75362101,HMGCR,TRUE
NM_000863.2,37.54299368,-1.273348601,0.715291402,-1.780181613,0.075046244,0.119142558,NM_000863,NM_000863,ENSG00000135312,6,77461753,77463773,HTR1B,TRUE
NM_000864.4,195.0485763,-7.448687741,0.888219549,-8.386088496,5.03E-17,1.47E-15,NM_000864,NM_000864,ENSG00000179546,1,23191895,23194729,HTR1D,TRUE
NM_000871.2,20.89121275,-4.944018913,1.212274635,-4.078299398,4.54E-05,0.000169832,NM_000871,NM_000871,ENSG00000158748,1,19664875,19680966,HTR6,TRUE
NM_000876.3,2117.28418,-1.085301058,0.514146153,-2.110880441,0.03478259,0.062033009,NM_000876,NM_000876,ENSG00000197081,6,159969099,160113507,IGF2R,TRUE
NM_000882.3,21.31888025,1.993281172,0.857901181,2.323439127,0.020155574,0.038674419,NM_000882,NM_000882,ENSG00000168811,3,159988835,159996019,IL12A,TRUE
NM_000884.2,5989.60283,-1.026607685,0.458964477,-2.23679116,0.025299993,0.047124251,NM_000884,NM_000884,ENSG00000178035,3,49024325,49029408,IMPDH2,TRUE
NM_000885.5,633.299185,6.148864325,0.599421883,10.25799108,1.09E-24,8.58E-23,NM_000885,NM_000885,ENSG00000115232,2,181457202,181538940,ITGA4,TRUE
NM_000887.4,2.068771943,2.60298938,2.129304818,1.222459724,0.221533826,0.295226989,NM_000887,NM_000887,ENSG00000140678,16,31355134,31382997,ITGAX,TRUE
NM_000889.2,3045.06918,7.62245317,0.563868866,13.51813095,1.22E-41,4.96E-39,NM_000889,NM_000889,ENSG00000139626,12,53191323,53207282,ITGB7,TRUE
NM_000891.2,31.00512712,3.462428833,0.821812717,4.213160446,2.52E-05,9.93E-05,NM_000891,NM_000891,ENSG00000123700,17,70168673,70180044,KCNJ2,TRUE
NM_000894.2,3.993226942,-3.411760403,1.835433925,-1.858830415,0.06305118,0.102881561,NM_000894,NM_000894,ENSG00000104826,19,49015980,49017090,LHB,TRUE
NM_000895.2,237.3800815,-1.987802959,0.553355019,-3.5922742,0.000327805,0.001009036,NM_000895,NM_000895,ENSG00000111144,12,96000753,96043520,LTA4H,TRUE
NM_000898.4,9.680359726,-5.903710629,1.668905876,-3.537473691,0.000403974,0.001214446,NM_000898,NM_000898,ENSG00000069535,X,43766610,43882450,MAOB,TRUE
NM_000901.4,2.918480593,-4.069648505,2.060449282,-1.975126755,0.048253765,0.082178736,NM_000901,NM_000901,ENSG00000151623,4,148078762,148444698,NR3C2,TRUE
NM_000903.2,5.576375755,5.52369653,1.862853712,2.965179978,0.003025059,0.007327804,NM_000903,NM_000903,ENSG00000181019,16,69706996,69726668,NQO1,TRUE
NM_000905.3,9.81732237,-5.919932795,1.670103476,-3.544650304,0.000393134,0.001185698,NM_000905,NM_000905,ENSG00000122585,7,24284188,24291862,NPY,TRUE
NM_000906.3,308.7135017,-2.6815582,0.523655404,-5.120845083,3.04E-07,1.77E-06,NM_000906,NM_000906,ENSG00000169418,1,153678688,153693992,NPR1,TRUE
NM_000909.5,64.95394369,-8.588009885,1.483967005,-5.787197328,7.16E-09,5.79E-08,NM_000909,NM_000909,ENSG00000164128,4,163323962,163344832,NPY1R,TRUE
NM_000910.3,2.969841585,-4.076182913,2.077343439,-1.962209443,0.049738105,0.084078618,NM_000910,NM_000910,ENSG00000185149,4,155208636,155217078,NPY2R,TRUE
NM_000911.3,69.03660675,-8.688509692,1.463073708,-5.938531767,2.88E-09,2.54E-08,NM_000911,NM_000911,ENSG00000116329,1,28812142,28871267,OPRD1,TRUE
NM_000916.3,62.02520381,0.202399293,0.697994545,0.2899726,0.7718372,0.821052325,NM_000916,NM_000916,ENSG00000180914,3,8750408,8769628,OXTR,TRUE
NM_000918.3,856.4423619,-1.153010324,0.519060075,-2.22134273,0.026327757,0.048823563,NM_000918,NM_000918,ENSG00000185624,17,81843161,81860624,P4HB,TRUE
NM_000921.4,19.66212129,-6.931473743,1.551916073,-4.466397291,7.95E-06,3.47E-05,NM_000921,NM_000921,ENSG00000172572,12,20369245,20684381,PDE3A,TRUE
NM_000922.3,87.08566691,-7.791741184,1.242726355,-6.269876834,3.61E-10,3.72E-09,NM_000922,NM_000922,ENSG00000152270,11,14643804,14872044,PDE3B,TRUE
NM_000924.3,5.635541554,1.198056137,1.380992496,0.867532692,0.385650207,0.470336908,NM_000924,NM_000924,ENSG00000123360,12,54549601,54579239,PDE1B,TRUE
NM_000927.4,274.1201189,5.700963945,0.594900903,9.583048067,9.42E-22,5.19E-20,NM_000927,NM_000927,ENSG00000085563,7,87503017,87713323,ABCB1,TRUE
NM_000937.4,2791.035525,-2.713519386,0.595337741,-4.557949542,5.17E-06,2.35E-05,NM_000937,NM_000937,ENSG00000181222,17,7484366,7514616,POLR2A,TRUE
NM_000938.2,49.77104727,1.53611229,0.736606515,2.085390584,0.037033861,0.065553263,NM_000938,NM_000938,ENSG00000047315,4,56977722,57031158,POLR2B,TRUE
NM_000940.2,13.78858361,4.749068423,1.280358722,3.709170204,0.00020794,0.000673072,NM_000940,NM_000940,ENSG00000105852,7,95359872,95396375,PON3,TRUE
NM_000941.2,2331.187538,-3.488767711,0.573273738,-6.085692542,1.16E-09,1.10E-08,NM_000941,NM_000941,ENSG00000127948,7,75899200,75986855,POR,TRUE
NM_000942.4,6141.970196,-0.928588779,0.463461639,-2.003593612,0.045113611,0.07766545,NM_000942,NM_000942,ENSG00000166794,15,64155812,64163205,PPIB,TRUE
NM_000943.4,91.28515824,-9.072134762,1.454925873,-6.235461839,4.50E-10,4.56E-09,NM_000943,NM_000943,ENSG00000168938,5,123023250,123036725,PPIC,TRUE
NM_000945.3,153.7426951,2.186801287,0.632145966,3.459329655,0.000541522,0.001579712,NM_000945,NM_000945,ENSG00000221823,2,68178857,68256237,PPP3R1,TRUE
NM_000946.2,988.3417874,0.441507933,0.561120889,0.78683211,0.431380154,0.516083631,NM_000946,NM_000946,ENSG00000198056,12,56731296,56752374,PRIM1,TRUE
NM_000947.4,562.8985658,0.853957175,0.555387878,1.537586989,0.124149631,0.18218706,NM_000947,NM_000947,ENSG00000146143,6,57314805,57646850,PRIM2,TRUE
NM_000951.2,6.213208132,-3.016943405,1.503140464,-2.007093467,0.044739712,0.077113699,NM_000951,NM_000951,ENSG00000126460,19,49580646,49591004,PRRG2,TRUE
NM_000954.5,10.44760259,-6.011152369,1.657662747,-3.626281871,0.000287531,0.000898475,NM_000954,NM_000954,ENSG00000107317,9,136975092,136981742,PTGDS,TRUE
NM_000955.2,8.289600751,-5.67397704,1.70324815,-3.331268576,0.000864511,0.002408077,NM_000955,NM_000955,ENSG00000160951,19,14472466,14475354,PTGER1,TRUE
NM_000956.3,23.65970485,-4.453116157,1.081785366,-4.116450727,3.85E-05,0.000146077,NM_000956,NM_000956,ENSG00000125384,14,52314305,52328598,PTGER2,TRUE
NM_000958.2,61.052699,0.994972981,0.639121446,1.556782341,0.119522171,0.176272144,NM_000958,NM_000958,ENSG00000171522,5,40679915,40693735,PTGER4,TRUE
NM_000960.3,73.08196237,5.975176863,0.898354009,6.651249733,2.91E-11,3.47E-10,NM_000960,NM_000960,ENSG00000160013,19,46620468,46625089,PTGIR,TRUE
NM_000961.3,658.2750489,-11.75578738,1.422430099,-8.264580025,1.40E-16,3.80E-15,NM_000961,NM_000961,ENSG00000124212,20,49503874,49568137,PTGIS,TRUE
NM_000963.3,4.1240518,-0.279260199,1.514084536,-0.184441616,0.853667025,0.889889841,NM_000963,NM_000963,ENSG00000073756,1,186671791,186680423,PTGS2,TRUE
NM_000966.5,86.33921875,-6.650403467,1.003124377,-6.629689819,3.36E-11,4.00E-10,NM_000966,NM_000966,ENSG00000172819,12,53210567,53232980,RARG,TRUE
NM_000967.3,10530.52139,-0.6441027,0.460436136,-1.398896936,0.161843892,0.226871235,NM_000967,NM_000967,ENSG00000100316,22,39312882,39320389,RPL3,TRUE
NM_000968.3,45192.64537,0.883039515,0.46239468,1.909709505,0.056170627,0.093469073,NM_000968,NM_000968,ENSG00000174444,15,66498015,66524532,RPL4,TRUE
NM_000969.3,34157.04343,1.502289348,0.528157763,2.844395091,0.004449584,0.010276664,NM_000969,NM_000969,ENSG00000122406,1,92832013,92841924,RPL5,TRUE
NM_000971.3,26080.77825,2.047919093,0.528770879,3.872980102,0.000107513,0.000369834,NM_000971,NM_000971,ENSG00000147604,8,73290242,73295789,RPL7,TRUE
NM_000972.2,26039.45,-0.059544649,0.46556973,-0.127896307,0.898231033,0.924153381,NM_000972,NM_000972,ENSG00000148303,9,133348218,133351426,RPL7A,TRUE
NM_000976.3,22336.09401,-0.476148538,0.458773457,-1.037872899,0.299329232,0.381127117,NM_000976,NM_000976,ENSG00000197958,9,127447674,127451406,RPL12,TRUE
NM_000978.3,18153.2216,0.924279333,0.508846944,1.816419148,0.0693061,0.111684956,NM_000978,NM_000978,ENSG00000125691,17,38847860,38853764,RPL23,TRUE
NM_000979.3,1089.495747,-1.039139847,0.466122909,-2.229325844,0.025792232,0.047933055,NM_000979,NM_000979,ENSG00000063177,19,48615328,48619184,RPL18,TRUE
NM_000980.3,10520.84235,-1.826439236,0.48567661,-3.760607775,0.000169501,0.000560375,NM_000980,NM_000980,ENSG00000105640,19,17859910,17864153,RPL18A,TRUE
NM_000981.3,57.75131241,-1.513098335,0.73563411,-2.056862662,0.039699438,0.069664313,NM_000981,NM_000981,ENSG00000108298,17,39200283,39204732,RPL19,TRUE
NM_000982.3,10438.03544,2.800154141,0.535905555,5.225088856,1.74E-07,1.06E-06,NM_000982,NM_000982,ENSG00000122026,13,27251309,27256691,RPL21,TRUE
NM_000983.3,3252.729841,1.609951404,0.56246212,2.862328587,0.004205407,0.009784007,NM_000983,NM_000983,ENSG00000116251,1,6185020,6209389,RPL22,TRUE
NM_000984.5,14026.22655,1.749303849,0.477319708,3.664847309,0.000247486,0.000787159,NM_000984,NM_000984,ENSG00000198242,17,28719985,28724359,RPL23A,TRUE
NM_000986.3,8996.464604,2.245530086,0.50373237,4.457783975,8.28E-06,3.61E-05,NM_000986,NM_000986,ENSG00000114391,3,101681091,101686718,RPL24,TRUE
NM_000988.3,24711.81649,1.12660541,0.453359232,2.485017022,0.012954524,0.02639238,NM_000988,NM_000988,ENSG00000131469,17,42998273,43002959,RPL27,TRUE
NM_000989.3,19561.18383,1.31552479,0.508762386,2.585735162,0.009717156,0.02055233,NM_000989,NM_000989,ENSG00000156482,8,98024851,98046469,RPL30,TRUE
NM_000990.4,11582.6719,-0.657949586,0.457561877,-1.437946687,0.150449181,0.213733883,NM_000990,NM_000990,ENSG00000166441,11,8682788,8714759,RPL27A,TRUE
NM_000991.4,2548.299134,-4.219987035,0.675208872,-6.249898677,4.11E-10,4.18E-09,NM_000991,NM_000991,ENSG00000108107,19,55385345,55403250,RPL28,TRUE
NM_000992.2,15581.40207,-0.916140085,0.485408338,-1.887359597,0.059111975,0.097585762,NM_000992,NM_000992,ENSG00000162244,3,51993522,51995895,RPL29,TRUE
NM_000993.4,583.6320627,3.565261801,0.639817175,5.572313372,2.51E-08,1.84E-07,NM_000993,NM_000993,ENSG00000071082,2,101002229,101024032,RPL31,TRUE
NM_000997.4,19842.81551,0.830316882,0.455375098,1.823369098,0.068247507,0.110234229,NM_000997,NM_000997,ENSG00000145592,5,40825262,40835222,RPL37,TRUE
NM_000998.4,11568.54207,1.049285031,0.462959059,2.266474777,0.02342233,0.044045659,NM_000998,NM_000998,ENSG00000197756,2,216498825,216579180,RPL37A,TRUE
NM_001000.3,3081.10284,4.285023816,0.51253039,8.360526324,6.24E-17,1.80E-15,NM_001000,NM_001000,ENSG00000198918,X,119786504,119791630,RPL39,TRUE
NM_001001.4,1646.881446,1.433433206,0.517694684,2.768877583,0.005624977,0.012651816,NM_001001,NM_001001,ENSG00000165502,14,49618530,49620626,RPL36AL,TRUE
NM_001001323.1,4.291786953,1.884395156,1.569941828,1.200296165,0.230024339,0.305196152,NM_001001323,NM_001001323,ENSG00000070961,12,89588049,89709300,ATP2B1,TRUE
NM_001001330.2,318.6142894,1.779361138,0.562676657,3.16231554,0.001565199,0.004079687,NM_001001330,NM_001001330,ENSG00000165476,10,63521401,63625128,REEP3,TRUE
NM_001001343.3,6.034326105,1.061443268,1.406937175,0.754435441,0.450587797,0.534438168,NM_001001343,NM_001001343,ENSG00000172568,5,157341598,157345677,FNDC9,TRUE
NM_001001346.3,14.8992257,0.813477384,0.969640098,0.838947756,0.401498628,0.486016781,NM_001001346,NM_001001346,ENSG00000171217,6,155264013,155276548,CLDN20,TRUE
NM_001001396.2,4.230664168,-3.043459585,1.78321931,-1.706721977,0.08787374,0.136293965,NM_001001396,NM_001001396,ENSG00000058668,1,203626561,203744081,ATP2B4,TRUE
NM_001001410.2,701.7187841,-1.595414312,0.532339055,-2.996989035,0.002726605,0.006697214,NM_001001410,NM_001001410,ENSG00000007520,16,1349240,1351878,TSR3,TRUE
NM_001001412.3,15.12459569,0.227634242,1.008185769,0.22578601,0.821367859,0.862864497,NM_001001412,NM_001001412,ENSG00000185933,10,103453387,103458888,CALHM1,TRUE
NM_001001414.1,87.77724424,-7.792366392,1.249649216,-6.235643004,4.50E-10,4.56E-09,NM_001001414,NM_001001414,ENSG00000188505,19,39196964,39201884,NCCRP1,TRUE
NM_001001415.3,3.194777237,-0.537865159,1.690514415,-0.318166562,0.750358596,0.803333084,NM_001001415,NM_001001415,ENSG00000197013,19,21496682,21556270,ZNF429,TRUE
NM_001001436.2,177.6285156,1.766599767,0.566086158,3.120725955,0.001804058,0.004636255,NM_001001436,NM_001001436,ENSG00000155330,16,46796603,46831180,C16orf87,TRUE
NM_001001479.3,77.65539989,-3.457587107,0.755207488,-4.578327363,4.69E-06,2.16E-05,NM_001001479,NM_001001479,ENSG00000100036,22,30635781,30669016,SLC35E4,TRUE
NM_001001524.2,152.9566621,-9.7777734,1.443843924,-6.772043183,1.27E-11,1.62E-10,NM_001001524,NM_001001524,ENSG00000213996,19,19264364,19273391,TM6SF2,TRUE
NM_001001551.3,15.62575784,3.705802418,1.085310317,3.414509527,0.00063897,0.00183596,NM_001001551,NM_001001551,ENSG00000148057,9,83623049,83644130,IDNK,TRUE
NM_001001556.2,7.132294433,0.743224866,1.245736822,0.596614672,0.550764673,0.627486429,NM_001001556,NM_001001556,ENSG00000156958,15,49155656,49367869,GALK2,TRUE
NM_001001557.3,2.452639565,-3.794177694,2.142090778,-1.771249722,0.076519184,0.121107959,NM_001001557,NM_001001557,ENSG00000156466,8,96142333,96160806,GDF6,TRUE
NM_001001563.3,416.6033962,-2.042447944,0.497118265,-4.108575537,3.98E-05,0.000150664,NM_001001563,NM_001001563,ENSG00000105197,19,39480412,39493785,TIMM50,TRUE
NM_001001660.2,62.169681,1.767203872,0.691369586,2.556091429,0.01058553,0.022110182,NM_001001660,NM_001001660,ENSG00000205707,12,25195216,25209645,ETFRF1,TRUE
NM_001001661.2,102.1429261,-3.559781107,0.621917523,-5.723879739,1.04E-08,8.16E-08,NM_001001661,NM_001001661,ENSG00000204947,7,149102784,149126324,ZNF425,TRUE
NM_001001664.2,464.8060233,4.048624254,0.547141328,7.399595042,1.37E-13,2.35E-12,NM_001001664,NM_001001664,ENSG00000144228,2,138501770,138573547,SPOPL,TRUE
NM_001001665.3,23.5465246,-7.184482765,1.535509224,-4.678892611,2.88E-06,1.39E-05,NM_001001665,NM_001001665,ENSG00000186684,2,127183832,127220313,CYP27C1,TRUE
NM_001001668.3,43.88338481,-5.426494369,1.021712174,-5.311177168,1.09E-07,6.93E-07,NM_001001668,NM_001001668,ENSG00000197016,19,56567468,56588911,ZNF470,TRUE
NM_001001669.2,8.492465031,-0.381196415,1.198700361,-0.318008092,0.750478799,0.803395591,NM_001001669,NM_001001669,ENSG00000183111,5,149551947,149634968,ARHGEF37,TRUE
NM_001001670.2,12.79349736,6.762051822,1.619586624,4.175171443,2.98E-05,0.000115626,NM_001001670,NM_001001670,ENSG00000214929,9,81988772,81995253,SPATA31D1,TRUE
NM_001001671.3,160.6472394,-0.452158995,0.528816387,-0.855039681,0.392529181,0.477203857,NM_001001671,NM_001001671,ENSG00000180815,X,19360056,19515261,MAP3K15,TRUE
NM_001001676.1,49.79572961,-8.23351591,1.48061165,-5.560888237,2.68E-08,1.94E-07,NM_001001676,NM_001001676,ENSG00000148386,9,135663322,135666422,LCN9,TRUE
NM_001001683.3,171.036569,-1.217955814,0.541660948,-2.248557548,0.02454066,0.045849686,NM_001001683,NM_001001683,ENSG00000161920,17,4731428,4733607,MED11,TRUE
NM_001001694.2,3.332960631,-4.278758457,2.003563958,-2.135573681,0.032714179,0.058893678,NM_001001694,NM_001001694,ENSG00000188263,22,49994513,50012659,IL17REL,TRUE
NM_001001710.2,11.69285154,1.649486766,1.052321872,1.567473613,0.117004029,0.173400034,NM_001001710,NM_001001710,ENSG00000188163,9,137243584,137247770,FAM166A,TRUE
NM_001001712.2,13.79797759,-0.765854536,1.017797973,-0.752462234,0.451773133,0.535453136,NM_001001712,NM_001001712,ENSG00000187922,9,136738167,136743356,LCN10,TRUE
NM_001001794.3,119.5293059,0.814405873,0.645336981,1.261985438,0.206954026,0.278856872,NM_001001794,NM_001001794,ENSG00000205593,22,50309030,50327012,DENND6B,TRUE
NM_001001795.1,146.8687512,-3.229111425,0.59475189,-5.429342013,5.66E-08,3.83E-07,NM_001001795,NM_001001795,ENSG00000213563,8,144525733,144529132,C8orf82,TRUE
NM_001001821.1,15.79022107,7.065955551,1.586171638,4.454723173,8.40E-06,3.66E-05,NM_001001821,NM_001001821,ENSG00000183310,1,248573801,248574757,OR2T34,TRUE
NM_001001850.2,2.91910692,0.367835837,1.716706164,0.214268373,0.83033778,0.870177388,NM_001001850,NM_001001850,ENSG00000178750,3,94014365,94028597,STX19,TRUE
NM_001001852.3,583.04097,-2.454734045,0.633633295,-3.874061013,0.000107037,0.000368685,NM_001001852,NM_001001852,ENSG00000198355,22,49960768,49964072,PIM3,TRUE
NM_001001872.3,14.51290296,-5.336931471,1.443772675,-3.696517856,0.000218577,0.000704695,NM_001001872,NM_001001872,ENSG00000139971,14,57999735,58298139,ARMH4,TRUE
NM_001001919.1,5.590146157,5.456949674,1.84954212,2.950432766,0.003173291,0.007645549,NM_001001919,NM_001001919,ENSG00000148136,9,104526253,104527209,OR13C4,TRUE
NM_001001924.2,1.91416469,-0.061850943,2.075396548,-0.029801988,0.976224973,0.985093544,NM_001001924,NM_001001924,ENSG00000129422,8,17643795,17800917,MTUS1,TRUE
NM_001001961.1,9.907926768,6.340876208,1.690387664,3.751137295,0.000176034,0.000580056,NM_001001961,NM_001001961,ENSG00000204246,9,104535749,104536856,OR13C3,TRUE
NM_001001998.2,12.13259686,0.595474005,1.052628957,0.565701714,0.57159657,0.646291024,NM_001001998,NM_001001998,ENSG00000171824,1,11066618,11099869,EXOSC10,TRUE
NM_001002010.2,34.08709887,-1.08693644,0.771364312,-1.409109059,0.158802922,0.223089696,NM_001002010,NM_001002010,ENSG00000122643,7,33014114,33062797,NT5C3A,TRUE
NM_001002021.2,5.64547554,0.960731488,1.365875432,0.703381484,0.481818043,0.564066956,NM_001002021,NM_001002021,ENSG00000141959,21,44300051,44327376,PFKL,TRUE
NM_001002032.2,186.1561736,-0.359399282,0.545728124,-0.658568372,0.510172978,0.590337385,NM_001002032,NM_001002032,ENSG00000189159,17,75135248,75168281,JPT1,TRUE
NM_001002034.2,74.4041348,-8.7880018,1.46410379,-6.002307937,1.95E-09,1.78E-08,NM_001002034,NM_001002034,ENSG00000177096,22,42074248,42079438,PHETA2,TRUE
NM_001002036.3,32.27261448,-2.314432369,0.799232018,-2.895820384,0.003781688,0.008892132,NM_001002036,NM_001002036,ENSG00000188886,2,96123850,96138436,ASTL,TRUE
NM_001002244.2,25.1131135,-2.033023462,0.897991274,-2.263967949,0.023576086,0.04427031,NM_001002244,NM_001002244,ENSG00000141552,17,81890790,81900991,ANAPC11,TRUE
NM_001002252.2,6.267602944,-1.340176491,1.420774604,-0.94327171,0.345541942,0.429481932,NM_001002252,NM_001002252,ENSG00000182196,12,122980060,122982913,ARL6IP4,TRUE
NM_001002255.1,5.198363818,3.218106392,1.627732364,1.977048846,0.048036109,0.082012254,NM_001002255,NM_001002255,ENSG00000177688,6,149400262,149401278,SUMO4,TRUE
NM_001002264.3,425.5549813,7.870502933,0.732910549,10.73869512,6.70E-27,6.45E-25,NM_001002264,NM_001002264,ENSG00000133106,13,42886388,42992271,EPSTI1,TRUE
NM_001002755.2,165.3667984,-1.045754095,0.613657556,-1.704133005,0.088356242,0.136993285,NM_001002755,NM_001002755,ENSG00000169599,2,69395750,69437628,NFU1,TRUE
NM_001002759.1,3.157968989,0.896154784,1.840694633,0.486856847,0.626359782,0.695867073,NM_001002759,NM_001002759,ENSG00000156384,10,104122058,104126385,SFR1,TRUE
NM_001002811.2,209.5302617,-0.656158518,0.507620855,-1.29261537,0.196144121,0.266593513,NM_001002811,NM_001002811,ENSG00000178104,1,148808181,149048286,PDE4DIP,TRUE
NM_001002814.2,232.5548233,0.585302651,0.5289811,1.106471765,0.268522379,0.347910242,NM_001002814,NM_001002814,ENSG00000156675,8,37858618,37899497,RAB11FIP1,TRUE
NM_001002836.3,497.6730615,-3.542986411,0.718421828,-4.931624115,8.15E-07,4.37E-06,NM_001002836,NM_001002836,ENSG00000142409,19,56087366,56121295,ZNF787,TRUE
NM_001002858.2,13.99612107,0.016983149,1.025091211,0.016567452,0.986781691,0.992609693,NM_001002858,NM_001002858,ENSG00000182718,15,60347134,60402883,ANXA2,TRUE
NM_001002860.3,11.05307166,0.444530715,1.057150538,0.420498972,0.67412098,0.737509576,NM_001002860,NM_001002860,ENSG00000011114,14,93237550,93333092,BTBD7,TRUE
NM_001002862.2,26.13141387,-3.395645905,0.960692814,-3.534580312,0.000408423,0.001226119,NM_001002862,NM_001002862,ENSG00000099958,22,23834503,23839128,DERL3,TRUE
NM_001002880.1,18.4682929,-0.753643852,0.872340706,-0.863932918,0.387624742,0.472124756,NM_001002880,NM_001002880,ENSG00000100211,22,38656636,38673854,CBY1,TRUE
NM_001002909.3,3.955620176,0.719741611,1.539851674,0.467409702,0.640206783,0.707340213,NM_001002909,NM_001002909,ENSG00000186566,17,44395281,44503430,GPATCH8,TRUE
NM_001002911.3,11.25944234,-6.122786129,1.640755227,-3.731687717,0.000190201,0.000621646,NM_001002911,NM_001002911,ENSG00000180269,16,20031485,20073917,GPR139,TRUE
NM_001002912.4,2.13157385,2.544186484,2.275287145,1.118182595,0.263489016,0.342293408,NM_001002912,NM_001002912,ENSG00000178965,1,74568117,74673792,ERICH3,TRUE
NM_001002913.2,1.80959563,-0.900390841,2.150505348,-0.418688027,0.675444147,0.73852197,NM_001002913,NM_001002913,ENSG00000187024,9,127690348,127724873,PTRH1,TRUE
NM_001002914.2,100.8944686,-2.209998708,0.656015919,-3.368818721,0.000754911,0.002135107,NM_001002914,NM_001002914,ENSG00000213859,17,7351889,7354944,KCTD11,TRUE
NM_001002919.2,31.37978398,-3.496082116,0.853035571,-4.098401327,4.16E-05,0.00015671,NM_001002919,NM_001002919,ENSG00000189292,2,279558,288851,ALKAL2,TRUE
NM_001002923.1,2.038159527,-3.498521191,2.232093185,-1.567372373,0.117027678,0.173400034,NM_001002923,NM_001002923,ENSG00000204869,19,46039748,46077118,IGFL4,TRUE
NM_001002926.1,348.2025322,1.454345543,0.536536276,2.710619223,0.00671577,0.014795414,NM_001002926,NM_001002926,ENSG00000105849,7,19695461,19709037,TWISTNB,TRUE
NM_001003.2,380.8249873,-0.543049184,0.517592808,-1.049182244,0.294094249,0.375705187,NM_001003,NM_001003,ENSG00000137818,15,69452814,69456205,RPLP1,TRUE
NM_001003665.3,4.050689582,-2.750893279,1.742752743,-1.578475943,0.114456311,0.170308474,NM_001003665,NM_001003665,ENSG00000203685,1,226548764,226609230,STUM,TRUE
NM_001003677.2,4.102050573,-2.768259158,1.736193776,-1.594441356,0.110837216,0.166006737,NM_001003677,NM_001003677,ENSG00000149179,11,46936689,47164385,C11orf49,TRUE
NM_001003681.2,838.7102187,0.864279384,0.490975549,1.760330807,0.078351734,0.123635154,NM_001003681,NM_001003681,ENSG00000100281,22,35257452,35295807,HMGXB4,TRUE
NM_001003684.1,8.45070574,2.152642879,1.207360294,1.782933305,0.074597161,0.118530957,NM_001003684,NM_001003684,ENSG00000184076,22,29767369,29770413,UQCR10,TRUE
NM_001003690.1,20.3333121,-2.430640452,0.955580884,-2.543626072,0.010970846,0.022834259,NM_001003690,NM_001003690,ENSG00000124688,6,43629540,43640952,MAD2L1BP,TRUE
NM_001003701.1,18.31483625,-0.202973808,0.906441638,-0.223923747,0.822816637,0.863967441,NM_001003701,NM_001003701,ENSG00000154723,21,25716503,25735673,ATP5PF,TRUE
NM_001003702.2,13.297864,-4.994489034,1.44141517,-3.464989919,0.000530251,0.001549966,NM_001003702,NM_001003702,ENSG00000213214,7,144186083,144195655,ARHGEF35,TRUE
NM_001003704.2,151.6318292,0.935598587,0.558554146,1.675036511,0.093927068,0.143862838,NM_001003704,NM_001003704,ENSG00000242114,22,30425623,30429054,MTFP1,TRUE
NM_001003722.1,151.4386185,2.126233695,0.563532449,3.773045722,0.000161267,0.000535331,NM_001003722,NM_001003722,ENSG00000119392,9,128504700,128542288,GLE1,TRUE
NM_001003760.4,6.082747461,-4.051114009,1.674776689,-2.418898015,0.015567604,0.031006373,NM_001003760,NM_001003760,ENSG00000124743,6,53647916,53665756,KLHL31,TRUE
NM_001003787.2,13.44444815,2.35744345,1.064196967,2.215232258,0.026744127,0.049440494,NM_001003787,NM_001003787,ENSG00000266173,17,63682336,63741986,STRADA,TRUE
NM_001003795.2,18.58664809,1.659824538,0.880701104,1.884662721,0.059475388,0.097993918,NM_001003795,NM_001003795,ENSG00000174428,7,75092573,75149817,GTF2IRD2B,TRUE
NM_001003796.1,48.63690789,-0.84515936,0.664005043,-1.272820694,0.203081676,0.274521475,NM_001003796,NM_001003796,ENSG00000100138,22,41673933,41690504,SNU13,TRUE
NM_001003800.1,31.89389413,-3.337649639,0.936204624,-3.565085615,0.000363737,0.001108354,NM_001003800,NM_001003800,ENSG00000185963,9,92711363,92764833,BICD2,TRUE
NM_001003803.2,113.6030392,2.407275631,0.640269543,3.759784696,0.00017006,0.000562079,NM_001003803,NM_001003803,ENSG00000125375,14,50312324,50335558,DMAC2L,TRUE
NM_001003819.3,29.63698783,4.187660076,0.920549397,4.549087847,5.39E-06,2.44E-05,NM_001003819,NM_001003819,ENSG00000258588,11,5596725,5644398,TRIM6-TRIM34,TRUE
NM_001003845.2,6.5186024,-5.301761813,1.780344079,-2.977942228,0.002901907,0.007067687,NM_001003845,NM_001003845,ENSG00000204335,2,170715337,170718078,SP5,TRUE
NM_001003891.2,22.40634647,-0.775893437,0.88057487,-0.881121485,0.37825207,0.463052364,NM_001003891,NM_001003891,ENSG00000099917,22,20495913,20587632,MED15,TRUE
NM_001003927.2,1.804280402,3.635477999,2.321720792,1.565854952,0.117382578,0.173628953,NM_001003927,NM_001003927,ENSG00000126860,17,31317560,31321884,EVI2A,TRUE
NM_001003931.3,3.482330663,0.152490558,1.791150499,0.085135536,0.932153639,0.950287786,NM_001003931,NM_001003931,ENSG00000041880,3,51942345,51948867,PARP3,TRUE
NM_001003938.3,1.873720334,-3.367385397,2.266988078,-1.485400576,0.137437743,0.198349907,NM_001003938,NM_001003938,ENSG00000206177,16,153892,166764,HBM,TRUE
NM_001003941.2,3.648378832,1.572624401,1.629073278,0.965349086,0.334369993,0.417914256,NM_001003941,NM_001003941,ENSG00000105953,7,44606572,44709066,OGDH,TRUE
NM_001003945.2,8.191963759,-0.759480819,1.220313331,-0.62236542,0.533701613,0.611962781,NM_001003945,NM_001003945,ENSG00000148218,9,113386312,113401290,ALAD,TRUE
NM_001004.3,19703.32573,-2.540300007,0.510589704,-4.975227639,6.52E-07,3.54E-06,NM_001004,NM_001004,ENSG00000177600,11,809965,812880,RPLP2,TRUE
NM_001004067.3,126.2461332,-0.931856313,0.556465816,-1.674597586,0.094013213,0.143960848,NM_001004067,NM_001004067,ENSG00000103226,16,16232528,16294811,NOMO3,TRUE
NM_001004125.2,77.27801852,-8.837581787,1.465483474,-6.030488876,1.63E-09,1.51E-08,NM_001004125,NM_001004125,ENSG00000198680,9,25676389,25678440,TUSC1,TRUE
NM_001004127.2,285.2919737,2.181632665,0.568813622,3.835408616,0.000125356,0.000425581,NM_001004127,NM_001004127,ENSG00000253710,13,52012398,52033600,ALG11,TRUE
NM_001004128.2,72.90612458,-2.221973979,0.721997557,-3.077536701,0.002087191,0.005284461,NM_001004128,NM_001004128,ENSG00000116260,1,180154869,180204030,QSOX1,TRUE
NM_001004134.1,6.460611245,2.171518645,1.452342216,1.495183863,0.134866464,0.195354945,NM_001004134,NM_001004134,ENSG00000172640,12,48202083,48203387,OR10AD1,TRUE
NM_001004136.1,23.97747975,7.678566282,1.536018519,4.999006319,5.76E-07,3.18E-06,NM_001004136,NM_001004136,ENSG00000196240,1,248445512,248455725,OR2T2,TRUE
